"Bug ID","Product","Component","Version","Opened"
137178,"kerry","general",0.1,"2006-11-11 00:33:29"
128579,"kerry","general",0.1,"2006-06-03 17:52:50"
94867,"kio","http",0.1,"2004-12-10 23:57:50"
108145,"karbon","general",0.1,"2005-06-26 03:01:21"
6777,"kicker","appletproxy",0.1,"2000-07-27 02:18:04"
9587,"calligrachart","general",0.1,"2000-08-31 18:48:53"
8418,"kicker","appletproxy",0.1,"2000-08-15 19:03:04"
24932,"calligrasheets","general",0.1,"2001-04-29 10:33:02"
9351,"kicker","general",0.1,"2000-08-29 15:03:04"
8436,"kicker","appletproxy",0.1,"2000-08-16 03:33:01"
8437,"kicker","appletproxy",0.1,"2000-08-16 03:48:00"
8912,"kicker","appletproxy",0.1,"2000-08-24 16:33:02"
25129,"calligrasheets","general",0.1,"2001-05-03 08:18:05"
9404,"calligrasheets","general",0.1,"2000-08-30 03:33:01"
18923,"kde","general",0.1,"2001-01-22 11:03:07"
28259,"korn","general",0.1,"2001-07-06 10:48:10"
8923,"kicker","appletproxy",0.1,"2000-08-24 18:48:03"
9211,"kicker","appletproxy",0.1,"2000-08-28 02:18:01"
8235,"calligrastage","general",0.1,"2000-08-12 16:03:03"
14153,"calligrastage","general",0.1,"2000-10-30 22:18:03"
14154,"calligrastage","general",0.1,"2000-10-30 22:18:04"
14155,"calligrastage","general",0.1,"2000-10-30 22:18:05"
12693,"calligrastage","general",0.1,"2000-10-11 12:03:02"
7380,"calligrachart","general",0.1,"2000-08-03 16:33:01"
7961,"kicker","appletproxy",0.1,"2000-08-10 11:48:03"
11067,"kdelibs","klauncher",0.1,"2000-09-19 03:18:02"
9095,"kicker","appletproxy",0.1,"2000-08-26 16:03:01"
9107,"kicker","appletproxy",0.1,"2000-08-26 19:11:17"
7593,"kdelibs","klauncher",0.1,"2000-08-05 19:33:02"
9582,"calligrachart","general",0.1,"2000-08-31 18:48:50"
8847,"kviewshell","general",0.1,"2000-08-23 20:33:33"
9309,"kicker","appletproxy",0.1,"2000-08-29 09:03:05"
7594,"calligrastage","general",0.1,"2000-08-05 19:48:01"
9584,"calligrachart","general",0.1,"2000-08-31 18:48:51"
16984,"kviewshell","general",0.1,"2000-12-12 23:33:01"
11130,"calligrastage","general",0.1,"2000-09-19 15:33:02"
9346,"kicker","appletproxy",0.1,"2000-08-29 14:03:02"
26817,"korn","general",0.1,"2001-06-06 18:18:01"
19990,"dcop","kdcop",0.1,"2001-02-07 05:03:05"
21117,"kdvi","general",0.1,"2001-03-01 06:48:03"
4995,"kicker","general",0.1,"2000-06-16 07:03:01"
8907,"kicker","appletproxy",0.1,"2000-08-24 15:33:06"
9150,"calligrastage","general",0.1,"2000-08-27 14:03:03"
11844,"kicker","appletproxy",0.1,"2000-09-26 19:33:01"
9604,"calligrasheets","general",0.1,"2000-09-01 00:33:01"
337027,"ksystraycmd","general",0.1,"2014-07-03 21:40:25"
17172,"calligrastage","general",0.1,"2000-12-16 13:33:01"
10424,"kicker","appletproxy",0.1,"2000-09-12 17:18:01"
6865,"kicker","appletproxy",0.1,"2000-07-28 07:33:01"
9396,"kicker","appletproxy",0.1,"2000-08-29 23:18:01"
12452,"calligrasheets","general",0.1,"2000-10-06 08:48:01"
8068,"calligrasheets","general",0.1,"2000-08-11 13:48:46"
6931,"calligrastage","general",0.1,"2000-07-30 11:33:03"
50825,"kio","general",0.1,"2002-11-16 20:55:09"
16051,"kdvi","general",0.1,"2000-11-26 02:18:02"
9605,"calligrasheets","general",0.1,"2000-09-01 00:33:03"
16606,"kdelibs","kbugreport",0.1,"2000-12-07 08:48:15"
13255,"unknown","general",0.1,"2000-10-20 18:33:02"
5108,"kmenuedit","general",0.1,"2000-06-17 21:33:08"
5842,"kicker","general",0.1,"2000-07-01 17:18:00"
17989,"calligrasheets","general",0.1,"2001-01-02 22:33:02"
7030,"calligrasheets","general",0.1,"2000-08-01 01:33:02"
11937,"kicker","appletproxy",0.1,"2000-09-27 20:33:01"
12569,"calligrasheets","general",0.1,"2000-10-08 16:18:03"
9606,"calligrasheets","general",0.1,"2000-09-01 00:33:03"
8115,"kicker","general",0.1,"2000-08-11 13:49:27"
342262,"bomber","general",0.1,"2014-12-27 22:14:15"
13264,"calligrastage","general",0.1,"2000-10-21 00:33:01"
9821,"konqueror","khtml",0.1,"2000-09-03 23:33:01"
5885,"kicker","general",0.1,"2000-07-02 21:48:01"
11451,"calligrasheets","general",0.1,"2000-09-22 03:18:02"
15375,"kdvi","general",0.1,"2000-11-15 08:03:01"
11989,"kicker","appletproxy",0.1,"2000-09-28 12:33:02"
9410,"kicker","appletproxy",0.1,"2000-08-30 05:48:03"
27125,"calligrasheets","general",0.1,"2001-06-12 20:03:01"
7817,"kicker","appletproxy",0.1,"2000-08-08 22:48:01"
22911,"calligrasheets","general",0.1,"2001-03-23 07:18:01"
5168,"kicker","general",0.1,"2000-06-19 15:18:01"
5886,"kicker","general",0.1,"2000-07-02 21:48:03"
7148,"calligrasheets","general",0.1,"2000-08-01 17:18:03"
7828,"kicker","appletproxy",0.1,"2000-08-09 05:48:14"
4160,"calligrasheets","general",0.1,"2000-05-28 13:33:01"
8593,"calligrasheets","general",0.1,"2000-08-19 08:48:16"
10662,"kviewshell","general",0.1,"2000-09-15 18:03:35"
5917,"kicker","general",0.1,"2000-07-04 04:33:01"
19000,"calligraflow","general",0.1,"2001-01-24 07:03:02"
82281,"kio","general",0.1,"2004-05-27 01:22:22"
12031,"kmago","general",0.1,"2000-09-28 20:33:03"
12060,"kviewshell","general",0.1,"2000-09-29 07:03:02"
9477,"kicker","appletproxy",0.1,"2000-08-30 17:03:03"
10786,"calligrasheets","general",0.1,"2000-09-17 09:03:04"
9505,"kicker","appletproxy",0.1,"2000-08-30 23:48:05"
29287,"kviewshell","general",0.1,"2001-07-18 22:03:08"
13548,"calligrastage","general",0.1,"2000-10-25 10:03:03"
10070,"kdelibs","klauncher",0.1,"2000-09-06 18:03:04"
5194,"kdevelop","kdevelop 2.x (obsolete)",0.1,"2000-06-19 20:18:01"
10992,"calligrasheets","general",0.1,"2000-09-18 14:49:29"
6188,"kicker","general",0.1,"2000-07-10 14:48:01"
7212,"calligrasheets","general",0.1,"2000-08-02 08:33:01"
9536,"kviewshell","general",0.1,"2000-08-31 11:33:01"
13605,"kdvi","general",0.1,"2000-10-25 18:03:03"
8688,"calligrasheets","general",0.1,"2000-08-21 15:03:01"
6202,"kdevelop","kdevelop 2.x (obsolete)",0.1,"2000-07-11 00:18:01"
15457,"korn","general",0.1,"2000-11-16 14:33:03"
11731,"kdvi","general",0.1,"2000-09-25 16:03:01"
15663,"korn","general",0.1,"2000-11-19 17:48:05"
12273,"kdelibs","klauncher",0.1,"2000-10-03 07:03:01"
20807,"kicker","general",0.1,"2001-02-23 00:33:01"
18428,"calligrastage","general",0.1,"2001-01-11 18:48:02"
15751,"calligrastage","general",0.1,"2000-11-21 02:48:02"
9574,"kdelibs","klauncher",0.1,"2000-08-31 18:18:01"
7962,"kicker","appletproxy",0.1,"2000-08-10 11:48:04"
21002,"kfax","general",0.1,"2001-02-27 18:48:05"
10178,"calligrasheets","general",0.1,"2000-09-08 03:03:02"
14456,"calligrasheets","general",0.1,"2000-11-02 20:18:03"
11086,"kicker","appletproxy",0.1,"2000-09-19 09:03:01"
6416,"kicker","general",0.1,"2000-07-18 01:03:01"
18582,"kdelibs","klauncher",0.1,"2001-01-14 21:03:03"
9306,"kdelibs","klauncher",0.1,"2000-08-29 08:48:12"
16944,"korn","general",0.1,"2000-12-12 10:48:02"
11115,"calligrastage","general",0.1,"2000-09-19 13:48:01"
9108,"kicker","appletproxy",0.1,"2000-08-26 19:33:00"
9721,"kicker","appletproxy",0.1,"2000-09-02 16:33:00"
243691,"krita","Filters",0.1,"2010-07-05 21:34:09"
338209,"Baloo","Baloo File Daemon",0.1,"2014-08-12 07:27:44"
252184,"krita","general",0.1,"2010-09-23 23:12:20"
274011,"knetworkmanager","cellular",0.1,"2011-05-24 08:13:18"
252451,"krita","general",0.1,"2010-09-26 19:03:00"
251417,"kio","sftp",0.1,"2010-09-16 09:36:15"
319601,"ksystraycmd","general",0.1,"2013-05-10 04:08:08"
242942,"calligrasheets","general",0.1,"2010-06-27 12:30:02"
145401,"knetworkmanager","general",0.1,"2007-05-14 02:19:37"
280322,"cocoon","general",0.1,"2011-08-18 10:02:16"
291506,"cocoon","general",0.1,"2012-01-14 11:05:34"
136837,"knetworkmanager","general",0.1,"2006-11-04 19:05:18"
92976,"karbon","general",0.1,"2004-11-09 15:48:26"
273165,"konqueror","khtml",0.1,"2011-05-13 07:36:19"
225733,"cantor","general",0.1,"2010-02-06 16:41:32"
143375,"kerry","general",0.1,"2007-03-23 03:27:51"
11907,"kdelibs","klauncher",0.1,"2000-09-27 14:33:01"
341991,"Baloo","General",0.1,"2014-12-18 02:43:49"
229845,"cantor","general",0.1,"2010-03-07 17:10:44"
40769,"kolf","general",0.1,"2002-04-11 20:18:01"
247962,"cocoon","general",0.1,"2010-08-15 16:30:03"
230745,"cantor","general",0.1,"2010-03-14 19:21:10"
249427,"kdelibs","kdewebkit",0.1,"2010-08-29 17:58:28"
20450,"koffice","filters",0.1,"2001-02-14 19:03:06"
201086,"kontact","general",0.1,"2009-07-22 10:52:16"
267375,"kontact","general",0.1,"2011-03-01 11:57:31"
143664,"karbon","general",0.1,"2007-03-31 15:03:58"
81949,"arts","general",0.1,"2004-05-21 12:29:46"
52824,"kdvi","general",0.1,"2003-01-10 00:04:16"
22981,"calligraflow","general",0.1,"2001-03-24 19:33:01"
77263,"kontact","summary",0.1,"2004-03-11 10:01:37"
250646,"kdm","general",0.1,"2010-09-09 12:02:23"
27299,"kafka","general",0.1,"2001-06-16 07:48:02"
138664,"kerry","general",0.1,"2006-12-11 09:40:46"
31080,"kbounce","general",0.1,"2001-08-19 21:03:02"
117350,"arts","general",0.1,"2005-11-30 15:25:17"
93903,"karbon","general",0.1,"2004-11-25 14:29:15"
14152,"calligrastage","general",0.1,"2000-10-30 22:18:01"
143980,"knetworkmanager","general",0.1,"2007-04-09 00:28:58"
283278,"cocoon","general",0.1,"2011-10-03 22:11:25"
53503,"kontact","general",0.1,"2003-01-28 04:37:00"
86052,"kontact","summary",0.1,"2004-07-27 00:13:23"
94123,"kontact","summary",0.1,"2004-11-29 20:15:01"
105242,"kmail","general",0.1,"2005-05-07 16:47:37"
86093,"kturtle","general",0.1,"2004-07-27 15:55:06"
207627,"krita","general",0.1,"2009-09-16 21:50:30"
36383,"kviewshell","general",0.1,"2001-12-21 20:33:02"
101254,"arts","artsd",0.1,"2005-03-10 18:48:53"
105636,"kdvi","general",0.1,"2005-05-14 00:47:12"
162747,"lokalize","general",0.1,"2008-05-28 15:12:26"
316939,"cocoon","general",0.1,"2013-03-18 01:40:11"
118555,"arts","general",0.1,"2005-12-18 06:28:17"
37665,"kbounce","general",0.1,"2002-01-29 22:18:01"
101879,"karbon","general",0.1,"2005-03-19 06:53:17"
86455,"kdeprint","kjobviewer",0.1,"2004-08-02 20:57:36"
139231,"knetworkmanager","wpa-psk",0.1,"2006-12-26 13:31:02"
32333,"calligrastage","general",0.1,"2001-09-10 20:18:01"
102180,"kmail","general",0.1,"2005-03-22 15:52:28"
163625,"lokalize","general",0.1,"2008-06-09 16:45:30"
12278,"calligrastage","general",0.1,"2000-10-03 10:48:01"
111147,"karbon","general",0.1,"2005-08-20 14:16:29"
323121,"cocoon","general",0.1,"2013-08-02 21:33:37"
189084,"kdelibs","kdeui",0.1,"2009-04-08 01:23:52"
139360,"knetworkmanager","general",0.1,"2006-12-29 17:19:47"
112765,"karbon","general",0.1,"2005-09-16 23:15:59"
212050,"kdelibs","general",0.1,"2009-10-27 13:16:52"
121515,"kmail","general",0.1,"2006-02-06 23:43:22"
253471,"kdelibs","general",0.1,"2010-10-07 06:54:38"
64811,"kdeprint","kjobviewer",0.1,"2003-09-23 17:07:32"
92335,"arts","kcmarts",0.1,"2004-10-29 18:42:30"
263704,"kdelibs","general",0.1,"2011-01-20 02:38:56"
271885,"cocoon","general",0.1,"2011-04-28 00:57:13"
243422,"cantor","general",0.1,"2010-07-02 12:27:09"
145389,"knetworkmanager","general",0.1,"2007-05-13 19:20:06"
102666,"arts","kcmarts",0.1,"2005-03-28 13:43:21"
15762,"kbabel","general",0.1,"2000-11-21 09:33:03"
168519,"kdelibs","kbugreport",0.1,"2008-08-06 15:04:12"
140570,"knetworkmanager","general",0.1,"2007-01-24 23:19:30"
113244,"kdeprint","kjobviewer",0.1,"2005-09-24 21:18:40"
4869,"kdesktop","general",0.1,"2000-06-13 22:03:01"
92974,"karbon","general",0.1,"2004-11-09 15:30:56"
13748,"korn","general",0.1,"2000-10-26 20:03:03"
72064,"konqueror","fsview",0.1,"2004-01-07 16:10:39"
214331,"knetworkmanager","general",0.1,"2009-11-13 01:49:56"
10335,"calligrastage","general",0.1,"2000-09-11 10:48:37"
33893,"kdvi","general",0.1,"2001-10-19 06:48:01"
8849,"kicker","appletproxy",0.1,"2000-08-23 21:03:11"
143044,"kdelibs","kspell",0.1,"2007-03-16 08:40:26"
24910,"unknown","general",0.1,"2001-04-28 21:48:02"
121919,"i18n","pl",0.1,"2006-02-13 22:08:55"
5219,"konqueror","general",0.1,"2000-06-20 09:48:01"
17853,"calligrastage","general",0.1,"2000-12-30 05:03:04"
74821,"kontact","summary",0.1,"2004-02-10 13:04:17"
40092,"kolf","general",0.1,"2002-04-03 19:33:04"
9120,"kicker","appletproxy",0.1,"2000-08-27 01:48:03"
26042,"calligrasheets","general",0.1,"2001-05-22 23:03:06"
128249,"kdeprint","kjobviewer",0.1,"2006-05-29 16:22:43"
18787,"unknown","general",0.1,"2001-01-19 05:33:02"
103029,"kontact","mail",0.1,"2005-04-01 21:26:05"
15297,"calligraflow","general",0.1,"2000-11-13 20:03:04"
11819,"calligrasheets","general",0.1,"2000-09-26 13:18:02"
49911,"kio","smb",0.1,"2002-10-30 04:39:34"
157783,"kde","general",0.1,"2008-02-13 15:03:24"
7608,"calligrasheets","general",0.1,"2000-08-06 00:18:00"
133417,"i18n","es",0.1,"2006-09-02 00:37:09"
15793,"korn","general",0.1,"2000-11-21 18:48:02"
83240,"kontact","contacts",0.1,"2004-06-12 02:09:16"
12420,"calligrastage","general",0.1,"2000-10-05 15:48:01"
251747,"lokalize","translation memory",0.1,"2010-09-19 19:24:55"
169320,"kiriki","general",0.1,"2008-08-17 12:56:15"
27669,"calligraflow","general",0.1,"2001-06-24 22:48:05"
8010,"kicker","appletproxy",0.1,"2000-08-11 03:18:01"
111203,"karbon","general",0.1,"2005-08-21 12:53:14"
2995,"calligrasheets","general",0.1,"2000-04-11 11:48:00"
16529,"calligrastage","general",0.1,"2000-12-05 20:33:02"
335673,"kfilereplace","general",0.1,"2014-06-02 00:05:02"
88444,"kontact","summary",0.1,"2004-08-30 15:01:14"
13083,"calligrasheets","general",0.1,"2000-10-17 12:18:03"
253851,"kdelibs","kdewebkit",0.1,"2010-10-11 16:50:52"
189604,"i18n","pl",0.1,"2009-04-14 12:42:02"
9750,"kviewshell","general",0.1,"2000-09-03 10:23:36"
140598,"kdeprint","kjobviewer",0.1,"2007-01-25 12:58:42"
24018,"korn","general",0.1,"2001-04-11 14:03:04"
24058,"arts","artscontrol",0.1,"2001-04-12 15:18:01"
17092,"korn","general",0.1,"2000-12-14 23:33:05"
13757,"korn","general",0.1,"2000-10-26 20:31:53"
264523,"lokalize","general",0.1,"2011-01-27 20:42:57"
223202,"i18n","fr",0.1,"2010-01-17 21:10:06"
10350,"kdelibs","klauncher",0.1,"2000-09-11 15:33:01"
143259,"knetworkmanager","general",0.1,"2007-03-20 14:59:41"
123069,"kdevelop","application templates",0.1,"2006-03-04 13:20:30"
5443,"kdm","general",0.1,"2000-06-23 12:48:00"
17882,"korn","general",0.1,"2000-12-30 22:33:01"
14657,"kdelibs","general",0.1,"2000-11-05 11:33:01"
74830,"kontact","summary",0.1,"2004-02-10 14:37:20"
244146,"ksysguard","general",0.1,"2010-07-10 19:25:39"
11147,"kicker","appletproxy",0.1,"2000-09-19 18:03:03"
40094,"kolf","general",0.1,"2002-04-03 20:03:02"
146026,"kdeprint","kjobviewer",0.1,"2007-05-27 17:54:00"
26043,"calligrasheets","general",0.1,"2001-05-22 23:03:08"
128551,"kerry","general",0.1,"2006-06-03 12:44:32"
6829,"kicker","general",0.1,"2000-07-27 18:18:06"
18796,"korn","general",0.1,"2001-01-19 12:18:02"
15298,"calligraflow","general",0.1,"2000-11-13 20:33:01"
280864,"kdelibs","kdewebkit",0.1,"2011-08-27 07:14:40"
80958,"kontact","summary",0.1,"2004-05-05 15:51:24"
50440,"kdeprint","kjobviewer",0.1,"2002-11-09 01:20:16"
7643,"unknown","general",0.1,"2000-08-06 10:48:01"
20028,"kfax","general",0.1,"2001-02-07 19:03:02"
15884,"kicker","appletproxy",0.1,"2000-11-22 22:48:02"
291756,"calligrasheets","general",0.1,"2012-01-17 10:23:15"
83333,"kio","smb",0.1,"2004-06-14 03:06:28"
12440,"kdelibs","klauncher",0.1,"2000-10-05 22:03:01"
251749,"krita","transform",0.1,"2010-09-19 19:54:11"
58135,"kdeprint","kjobviewer",0.1,"2003-05-05 13:56:02"
170177,"kdelibs","kbugreport",0.1,"2008-09-01 13:00:02"
27670,"calligraflow","general",0.1,"2001-06-24 23:03:01"
8064,"calligrastage","general",0.1,"2000-08-11 13:48:44"
21346,"kicker","appletproxy",0.1,"2001-03-03 00:48:03"
111204,"karbon","general",0.1,"2005-08-21 12:54:19"
16567,"korn","general",0.1,"2000-12-06 13:48:01"
88743,"kontact","summary",0.1,"2004-09-03 10:02:33"
190732,"i18n","sv",0.1,"2009-04-26 18:19:41"
9751,"kdvi","general",0.1,"2000-09-03 10:23:37"
30202,"korn","general",0.1,"2001-08-03 09:33:01"
140776,"i18n","hu",0.1,"2007-01-28 14:16:16"
24114,"arts","artscontrol",0.1,"2001-04-13 16:48:18"
5078,"calligrastage","general",0.1,"2000-06-17 11:03:01"
92982,"karbon","general",0.1,"2004-11-09 16:26:28"
264734,"kbounce","general",0.1,"2011-01-29 13:20:10"
72756,"kontact","summary",0.1,"2004-01-16 13:53:13"
34000,"kdeprint","kjobviewer",0.1,"2001-10-22 16:48:12"
25044,"korn","general",0.1,"2001-05-01 16:03:02"
123603,"kdevelop","application templates",0.1,"2006-03-14 11:21:50"
5665,"kicker","general",0.1,"2000-06-27 13:48:01"
17956,"ktuberling","general",0.1,"2001-01-01 19:18:01"
97696,"i18n","cs",0.1,"2005-01-23 04:39:43"
14908,"kfax","general",0.1,"2000-11-08 15:48:01"
273461,"lokalize","general",0.1,"2011-05-17 05:32:53"
75204,"kontact","summary",0.1,"2004-02-14 07:20:55"
244319,"koffice","general",0.1,"2010-05-28 15:33:00"
11296,"kviewshell","general",0.1,"2000-09-20 19:03:07"
40173,"kpovmodeler","general",0.1,"2002-04-05 01:18:02"
9182,"kdelibs","klauncher",0.1,"2000-08-27 19:03:00"
18835,"kdvi","general",0.1,"2001-01-20 11:48:08"
103658,"karbon","general",0.1,"2005-04-11 15:10:10"
15299,"calligraflow","general",0.1,"2000-11-13 20:33:02"
281295,"krita","general",0.1,"2011-09-03 23:25:01"
11904,"calligrasheets","general",0.1,"2000-09-27 13:48:02"
247012,"kio","man",0.1,"2010-08-07 22:48:13"
50490,"kio","zip",0.1,"2002-11-09 23:35:30"
26879,"kmail","general",0.1,"2001-06-07 13:33:03"
7703,"unknown","general",0.1,"2000-08-07 10:33:01"
20293,"calligrasheets","filters",0.1,"2001-02-11 22:18:02"
16047,"kicker","appletproxy",0.1,"2000-11-25 22:18:02"
291866,"kmail","general",0.1,"2012-01-18 14:23:46"
84043,"kdeprint","kjobviewer",0.1,"2004-06-26 20:13:14"
251863,"kontact","akregator",0.1,"2010-09-20 23:02:29"
58215,"calligrasheets","general",0.1,"2003-05-07 18:52:34"
170572,"kiriki","general",0.1,"2008-09-07 01:55:08"
27958,"calligrasheets","general",0.1,"2001-07-01 09:33:01"
22449,"unknown","general",0.1,"2001-03-15 13:18:02"
111206,"karbon","general",0.1,"2005-08-21 12:59:03"
3330,"kicker","general",0.1,"2000-05-11 20:33:01"
88972,"kturtle","general",0.1,"2004-09-07 01:51:16"
13253,"kdelibs","klauncher",0.1,"2000-10-20 18:18:01"
255070,"kdelibs","general",0.1,"2010-10-23 23:28:13"
190950,"i18n","es",0.1,"2009-04-28 20:34:34"
9752,"kdelibs","klauncher",0.1,"2000-09-03 10:48:12"
30204,"kviewshell","general",0.1,"2001-08-03 11:48:02"
8454,"kicker","appletproxy",0.1,"2000-08-16 11:48:19"
24131,"calligraflow","general",0.1,"2001-04-14 06:18:04"
113756,"kdelibs","kwallet",0.1,"2005-10-03 04:37:39"
5088,"calligrasheets","general",0.1,"2000-06-17 15:18:01"
17366,"kicker","appletproxy",0.1,"2000-12-19 16:33:01"
92987,"karbon","general",0.1,"2004-11-09 17:18:14"
265023,"kio","ftp",0.1,"2011-02-01 00:04:12"
72853,"kdeprint","kjobviewer",0.1,"2004-01-17 21:22:55"
10456,"calligrastage","general",0.1,"2000-09-13 05:03:01"
8915,"kicker","appletproxy",0.1,"2000-08-24 17:33:01"
143526,"knetworkmanager","general",0.1,"2007-03-27 22:54:51"
123719,"kdeprint","kjobviewer",0.1,"2006-03-16 13:08:36"
5692,"unknown","general",0.1,"2000-06-27 21:18:01"
17960,"calligraflow","general",0.1,"2001-01-01 20:18:01"
97811,"kturtle","general",0.1,"2005-01-24 18:27:16"
273462,"lokalize","general",0.1,"2011-05-17 05:39:57"
76098,"i18n","sv",0.1,"2004-02-25 09:46:21"
244320,"koffice","general",0.1,"2010-05-31 21:15:00"
11424,"kviewshell","general",0.1,"2000-09-21 19:03:04"
40766,"kolf","general",0.1,"2002-04-11 20:03:01"
9184,"kicker","appletproxy",0.1,"2000-08-27 20:03:03"
147207,"i18n","general",0.1,"2007-06-25 19:17:42"
26070,"knewsticker","general",0.1,"2001-05-23 13:33:01"
18860,"unknown","general",0.1,"2001-01-21 01:18:01"
103898,"kdeprint","kjobviewer",0.1,"2005-04-14 18:40:00"
281297,"krita","general",0.1,"2011-09-03 23:36:31"
247897,"kdelibs","kdewebkit",0.1,"2010-08-14 22:45:40"
9401,"kicker","appletproxy",0.1,"2000-08-30 02:18:01"
160469,"kdeprint","kjobviewer",0.1,"2008-04-06 14:06:37"
27094,"koffice","general",0.1,"2001-06-12 09:03:03"
7712,"calligrasheets","general",0.1,"2000-08-07 13:33:01"
20404,"calligrasheets","general",0.1,"2001-02-13 18:48:01"
292877,"kdelibs","shortcuts",0.1,"2012-01-30 15:43:26"
12453,"calligrasheets","general",0.1,"2000-10-06 08:48:01"
58576,"kio","general",0.1,"2003-05-16 19:13:44"
28179,"knewsticker","general",0.1,"2001-07-05 13:48:04"
8093,"calligrasheets","general",0.1,"2000-08-11 13:49:05"
137743,"kerry","general",0.1,"2006-11-22 22:39:05"
22689,"kbounce","general",0.1,"2001-03-19 09:33:01"
111210,"karbon","general",0.1,"2005-08-21 13:20:43"
3754,"kdevelop","kdevelop 2.x (obsolete)",0.1,"2000-05-18 17:03:03"
89059,"kontact","summary",0.1,"2004-09-08 12:21:23"
256029,"kdelibs","kdewebkit",0.1,"2010-11-04 10:33:41"
9812,"calligrastage","general",0.1,"2000-09-03 20:33:05"
30381,"calligraflow","general",0.1,"2001-08-07 20:18:01"
30414,"kdeprint","general",0.1,"2001-08-08 14:48:01"
8491,"calligrasheets","general",0.1,"2000-08-17 06:18:00"
141005,"kdeprint","kjobviewer",0.1,"2007-02-01 15:45:46"
24150,"calligraflow","general",0.1,"2001-04-14 20:18:02"
113893,"kmail","keys and menus",0.1,"2005-10-05 15:14:18"
17394,"kicker","appletproxy",0.1,"2000-12-19 22:48:02"
93165,"karbon","general",0.1,"2004-11-12 14:16:20"
13937,"kdelibs","klauncher",0.1,"2000-10-28 18:33:01"
266050,"ktuberling","general",0.1,"2011-02-11 06:14:05"
73147,"kontact","summary",0.1,"2004-01-21 17:11:27"
8919,"kicker","appletproxy",0.1,"2000-08-24 18:18:04"
123782,"i18n","de",0.1,"2006-03-17 13:42:22"
98143,"kontact","summary",0.1,"2005-01-29 12:32:23"
15047,"calligrasheets","general",0.1,"2000-11-10 02:33:01"
76105,"kdelibs","kwallet",0.1,"2004-02-25 11:23:19"
244321,"koffice","general",0.1,"2010-05-31 21:17:00"
11429,"calligrachart","general",0.1,"2000-09-21 20:33:01"
9194,"kicker","appletproxy",0.1,"2000-08-27 22:33:01"
129031,"kdeprint","kjobviewer",0.1,"2006-06-12 11:49:06"
18922,"kde","general",0.1,"2001-01-22 11:03:05"
104211,"kdeprint","kjobviewer",0.1,"2005-04-19 15:54:12"
15354,"calligrasheets","general",0.1,"2000-11-14 22:48:02"
282605,"kdm","general",0.1,"2011-09-23 09:06:17"
51274,"kio","fish",0.1,"2002-11-28 07:39:07"
161348,"i18n","de",0.1,"2008-04-27 22:50:39"
27113,"calligrachart","general",0.1,"2001-06-12 18:33:02"
7769,"kicker","appletproxy",0.1,"2000-08-08 02:18:00"
20449,"calligrastage","general",0.1,"2001-02-14 19:03:02"
108231,"i18n","fr",0.1,"2005-06-27 18:16:24"
252448,"krita","general",0.1,"2010-09-26 18:56:56"
174530,"i18n","de",0.1,"2008-11-07 13:30:00"
28197,"korn","general",0.1,"2001-07-05 20:18:05"
138186,"kerry","general",0.1,"2006-11-30 22:43:42"
22719,"calligrasheets","general",0.1,"2001-03-19 22:48:02"
111268,"karbon","general",0.1,"2005-08-22 12:28:51"
3887,"calligrasheets","general",0.1,"2000-05-21 09:48:06"
89184,"kontact","summary",0.1,"2004-09-09 18:11:00"
256228,"kdelibs","kdeui",0.1,"2010-11-06 14:16:18"
67525,"konqueror","fsview",0.1,"2003-11-07 20:25:02"
195263,"knetworkmanager","openvpn",0.1,"2009-06-04 22:37:18"
9838,"kde","general",0.1,"2000-09-04 07:33:04"
30415,"korn","general",0.1,"2001-08-08 14:48:03"
8516,"ksplash","general",0.1,"2000-08-17 14:03:04"
141237,"kdevelop","application templates",0.1,"2007-02-05 20:57:13"
24196,"mp3kult","general",0.1,"2001-04-16 02:03:01"
5163,"kicker","general",0.1,"2000-06-19 14:18:01"
17415,"korn","general",0.1,"2000-12-20 07:03:09"
93683,"i18n","de",0.1,"2004-11-21 21:31:27"
13979,"calligrasheets","general",0.1,"2000-10-29 02:18:02"
266502,"kiriki","general",0.1,"2011-02-17 04:23:04"
10482,"calligrastage","general",0.1,"2000-09-13 10:18:01"
34338,"kdeprint","kjobviewer",0.1,"2001-10-31 23:33:01"
8922,"kicker","appletproxy",0.1,"2000-08-24 18:33:05"
143643,"kdeprint","kjobviewer",0.1,"2007-03-30 20:27:25"
25313,"kdvi","general",0.1,"2001-05-07 12:33:02"
124447,"kio","fish",0.1,"2006-03-28 22:01:00"
17994,"calligrastage","general",0.1,"2001-01-03 01:33:01"
99858,"kontact","summary",0.1,"2005-02-20 14:37:45"
15055,"calligrasheets","general",0.1,"2000-11-10 08:33:01"
274076,"kdm","kdmdesktop",0.1,"2011-05-25 00:31:54"
76384,"kontact","summary",0.1,"2004-02-29 01:40:18"
244322,"koffice","general",0.1,"2010-05-31 21:20:00"
41595,"kdeprint","kjobviewer",0.1,"2002-04-24 20:48:01"
9195,"kicker","appletproxy",0.1,"2000-08-27 22:33:02"
26147,"kviewshell","general",0.1,"2001-05-25 02:48:04"
129954,"kdeprint","kjobviewer",0.1,"2006-06-28 11:42:29"
7143,"calligrastage","general",0.1,"2000-08-01 17:18:00"
282974,"ksysguard","general",0.1,"2011-09-28 15:33:41"
81520,"kontact","summary",0.1,"2004-05-13 18:08:01"
51477,"kdelibs","general",0.1,"2002-12-03 23:44:31"
161511,"kdeprint","kjobviewer",0.1,"2008-05-02 01:30:42"
135313,"kdeprint","kjobviewer",0.1,"2006-10-09 02:53:21"
108243,"karbon","general",0.1,"2005-06-27 22:48:32"
293873,"kontact","mail",0.1,"2012-02-12 03:00:51"
84995,"kdelibs","kwallet",0.1,"2004-07-12 12:51:07"
12577,"calligrastage","general",0.1,"2000-10-08 19:03:01"
59525,"dcop","kdcop",0.1,"2003-06-08 18:35:49"
9620,"unknown","general",0.1,"2000-09-01 07:48:02"
8149,"kde","general",0.1,"2000-08-11 13:49:52"
138504,"knetworkmanager","general",0.1,"2006-12-07 17:35:10"
111269,"karbon","general",0.1,"2005-08-22 12:53:12"
16710,"kde","general",0.1,"2000-12-08 10:18:02"
89393,"kontact","summary",0.1,"2004-09-13 10:26:39"
13435,"i18n","et",0.1,"2000-10-24 13:33:01"
257129,"kdelibs","kdewebkit",0.1,"2010-11-17 11:23:25"
70090,"kontact","summary",0.1,"2003-12-11 06:32:11"
200559,"kdelibs","kspell",0.1,"2009-07-17 15:39:48"
9875,"kicker","appletproxy",0.1,"2000-09-04 19:03:05"
31004,"korn","general",0.1,"2001-08-18 21:33:01"
8584,"calligrastage","general",0.1,"2000-08-18 19:03:01"
24232,"kicker","general",0.1,"2001-04-16 18:03:01"
17470,"kviewshell","general",0.1,"2000-12-20 22:18:02"
93832,"kontact","general",0.1,"2004-11-24 08:29:52"
14107,"calligrastage","general",0.1,"2000-10-30 10:48:02"
73251,"kontact","summary",0.1,"2004-01-22 17:04:23"
10513,"kicker","appletproxy",0.1,"2000-09-13 18:03:04"
34496,"unknown","general",0.1,"2001-11-04 21:33:01"
124622,"i18n","general",0.1,"2006-03-31 10:26:49"
18063,"calligrasheets","general",0.1,"2001-01-04 16:03:03"
99927,"karbon","general",0.1,"2005-02-21 15:23:44"
15067,"kicker","appletproxy",0.1,"2000-11-10 13:48:01"
77162,"kontact","summary",0.1,"2004-03-10 09:13:38"
244323,"koffice","general",0.1,"2010-05-31 21:22:00"
11458,"calligrasheets","general",0.1,"2000-09-22 06:33:01"
42794,"kviewshell","general",0.1,"2002-05-19 01:33:01"
130156,"i18n","it",0.1,"2006-07-02 17:41:02"
18987,"calligrachart","general",0.1,"2001-01-23 19:03:02"
104386,"kdevelop","application templates",0.1,"2005-04-22 19:34:50"
283030,"kdelibs","kdeui",0.1,"2011-09-29 12:24:46"
11996,"calligrasheets","general",0.1,"2000-09-28 13:33:02"
249780,"kmail","message list",0.1,"2010-09-01 20:59:16"
161773,"unknown","general",0.1,"2008-05-08 01:58:41"
27239,"calligraflow","general",0.1,"2001-06-14 22:18:03"
135531,"i18n","es",0.1,"2006-10-12 20:30:16"
108245,"karbon","general",0.1,"2005-06-27 23:22:54"
16105,"calligrasheets","general",0.1,"2000-11-27 01:33:02"
294589,"krita","general",0.1,"2012-02-21 23:23:39"
85015,"kontact","summary",0.1,"2004-07-12 17:15:38"
12578,"calligrastage","general",0.1,"2000-10-08 19:03:02"
252453,"krita","Tools",0.1,"2010-09-26 19:27:56"
60934,"kdevelop","general",0.1,"2003-07-08 16:37:10"
9642,"kdelibs","klauncher",0.1,"2000-09-01 16:33:01"
28703,"calligraflow","general",0.1,"2001-07-11 09:03:06"
8232,"kdelibs","klauncher",0.1,"2000-08-12 15:48:03"
111619,"karbon","general",0.1,"2005-08-27 22:52:10"
16723,"korn","general",0.1,"2000-12-08 14:03:02"
89827,"kturtle","general",0.1,"2004-09-19 18:56:09"
13515,"calligrasheets","general",0.1,"2000-10-25 01:33:02"
257132,"kdelibs","kdewebkit",0.1,"2010-11-17 12:32:33"
70091,"kontact","summary",0.1,"2003-12-11 06:35:49"
202185,"kontact","general",0.1,"2009-08-01 11:09:45"
9886,"kicker","appletproxy",0.1,"2000-09-04 23:18:03"
31057,"kdvi","general",0.1,"2001-08-19 15:03:02"
24249,"kdvi","general",0.1,"2001-04-17 00:33:04"
116696,"kio","kfile",0.1,"2005-11-19 10:46:32"
5179,"kdvi","general",0.1,"2000-06-19 17:03:01"
268907,"kdelibs","kded",0.1,"2011-03-19 18:12:54"
233712,"kdelibs","general",0.1,"2010-04-08 11:14:40"
34890,"kdeprint","kjobviewer",0.1,"2001-11-14 10:18:01"
8925,"calligrastage","general",0.1,"2000-08-24 19:18:01"
143844,"kerry","general",0.1,"2007-04-04 19:52:22"
25521,"korn","general",0.1,"2001-05-10 09:03:01"
125053,"kdevelop","application templates",0.1,"2006-04-06 17:16:32"
18153,"calligraflow","general",0.1,"2001-01-06 13:18:02"
100541,"kontact","summary",0.1,"2005-03-01 13:59:07"
15185,"kbabel","general",0.1,"2000-11-12 13:33:02"
274878,"kde","general",0.1,"2011-06-04 02:20:39"
244324,"koffice","general",0.1,"2010-05-31 21:24:00"
11464,"kde","general",0.1,"2000-09-22 07:48:51"
9215,"kdelibs","klauncher",0.1,"2000-08-28 03:03:03"
148250,"knetworkmanager","openvpn",0.1,"2007-07-27 07:07:10"
26161,"calligraflow","general",0.1,"2001-05-25 11:18:02"
130599,"kerry","general",0.1,"2006-07-11 10:15:40"
7175,"calligrastage","general",0.1,"2000-08-01 20:48:01"
104408,"arts","knotify",0.1,"2005-04-23 01:26:47"
283195,"unknown","general",0.1,"2011-10-02 18:53:27"
53489,"kdvi","general",0.1,"2003-01-27 19:33:05"
9452,"calligrasheets","general",0.1,"2000-08-30 14:03:05"
7833,"calligrasheets","general",0.1,"2000-08-09 07:03:00"
135709,"kdeprint","kjobviewer",0.1,"2006-10-15 22:48:35"
20667,"calligrasheets","general",0.1,"2001-02-19 22:18:03"
108937,"kmail","general",0.1,"2005-07-11 19:11:02"
16205,"calligrasheets","general",0.1,"2000-11-28 18:33:03"
294987,"kdm","general",0.1,"2012-02-28 10:23:01"
85581,"kio","uiserver",0.1,"2004-07-20 20:51:05"
12588,"calligrasheets","general",0.1,"2000-10-09 01:03:01"
176710,"kiriki","general",0.1,"2008-12-02 16:01:18"
9653,"kdelibs","klauncher",0.1,"2000-09-01 18:03:13"
23039,"calligrasheets","general",0.1,"2001-03-25 23:33:01"
112191,"karbon","general",0.1,"2005-09-08 00:00:24"
16737,"kdelibs","klauncher",0.1,"2000-12-08 21:33:02"
345247,"Baloo","Baloo File Daemon",0.1,"2015-03-17 07:30:38"
90226,"kturtle","general",0.1,"2004-09-25 15:00:56"
13516,"calligrasheets","general",0.1,"2000-10-25 01:33:03"
257238,"calligrasheets","general",0.1,"2010-11-18 12:40:29"
70092,"kontact","summary",0.1,"2003-12-11 06:39:42"
70094,"kontact","summary",0.1,"2003-12-11 06:51:47"
9954,"kicker","appletproxy",0.1,"2000-09-05 21:02:24"
8616,"kicker","appletproxy",0.1,"2000-08-19 18:33:00"
141428,"knetworkmanager","general",0.1,"2007-02-09 09:13:41"
24307,"korn","general",0.1,"2001-04-18 00:33:04"
5184,"kviewshell","general",0.1,"2000-06-19 18:48:01"
17558,"calligrastage","general",0.1,"2000-12-22 09:18:02"
268988,"kdm","general",0.1,"2011-03-20 21:03:51"
73525,"kontact","summary",0.1,"2004-01-26 11:51:27"
233805,"i18n","de",0.1,"2010-04-09 08:05:09"
10762,"kdelibs","klauncher",0.1,"2000-09-16 23:48:04"
34891,"kdeprint","kjobviewer",0.1,"2001-11-14 10:18:02"
9008,"kio","kfile",0.1,"2000-08-25 16:33:01"
25531,"calligrastage","general",0.1,"2001-05-10 12:18:04"
6054,"kicker","general",0.1,"2000-07-06 14:18:02"
100560,"kmail","composer",0.1,"2005-03-01 16:58:10"
15186,"calligrasheets","general",0.1,"2000-11-12 13:33:03"
275683,"ktuberling","general",0.1,"2011-06-15 07:17:51"
244325,"koffice","general",0.1,"2010-05-31 22:04:00"
11572,"calligrasheets","general",0.1,"2000-09-23 08:48:02"
43640,"kregexpeditor","general",0.1,"2002-06-07 08:18:01"
131821,"kdeprint","kjobviewer",0.1,"2006-08-04 00:59:30"
7188,"kicker","general",0.1,"2000-08-02 02:48:01"
19007,"kdelibs","klauncher",0.1,"2001-01-24 09:20:24"
104854,"i18n","de",0.1,"2005-04-30 19:14:57"
82328,"kio","kssl",0.1,"2004-05-27 21:04:46"
251054,"kdelibs","kdeui",0.1,"2010-09-13 11:15:12"
162001,"lokalize","project management",0.1,"2008-05-12 16:38:21"
7834,"calligrachart","general",0.1,"2000-08-09 07:03:03"
135710,"kdeprint","kjobviewer",0.1,"2006-10-15 22:52:55"
20702,"korn","general",0.1,"2001-02-20 16:33:02"
109588,"kmail","general",0.1,"2005-07-25 11:20:07"
16237,"konqueror","khtml",0.1,"2000-11-29 11:18:01"
295005,"kdelibs","kdeui",0.1,"2012-02-28 15:58:28"
12596,"calligrastage","general",0.1,"2000-10-09 07:03:01"
62688,"kio","kfile",0.1,"2003-08-14 23:42:36"
9661,"calligrasheets","general",0.1,"2000-09-01 19:03:04"
29013,"calligraflow","general",0.1,"2001-07-15 10:03:02"
8305,"calligrasheets","general",0.1,"2000-08-13 20:18:01"
138793,"kdevelop","application templates",0.1,"2006-12-14 11:23:26"
23092,"calligrachart","general",0.1,"2001-03-26 18:18:05"
16744,"korn","general",0.1,"2000-12-08 23:18:01"
90543,"kturtle","general",0.1,"2004-09-30 14:51:11"
13517,"calligrasheets","general",0.1,"2000-10-25 01:33:03"
257965,"kio","webdav",0.1,"2010-11-26 12:58:15"
13518,"calligrasheets","general",0.1,"2000-10-25 01:33:04"
258223,"kdelibs","kdewebkit",0.1,"2010-11-28 21:33:18"
207481,"i18n","cs",0.1,"2009-09-15 18:25:52"
9989,"kdelibs","klauncher",0.1,"2000-09-05 21:02:48"
31200,"lanbrowsing","general",0.1,"2001-08-21 09:18:02"
8627,"kicker","appletproxy",0.1,"2000-08-20 10:03:03"
141686,"knetworkmanager","general",0.1,"2007-02-14 15:19:45"
24327,"kbounce","general",0.1,"2001-04-18 09:18:01"
117975,"kmail","general",0.1,"2005-12-09 04:19:36"
5193,"kdevelop","kdevelop 2.x (obsolete)",0.1,"2000-06-19 20:18:00"
17633,"calligrasheets","general",0.1,"2000-12-24 06:03:02"
269201,"lokalize","project management",0.1,"2011-03-23 04:29:37"
73848,"kdelibs","kwallet",0.1,"2004-01-30 22:43:31"
35802,"ktuberling","general",0.1,"2001-12-05 15:48:02"
9012,"kicker","appletproxy",0.1,"2000-08-25 17:18:01"
144009,"knetworkmanager","general",0.1,"2007-04-09 19:33:10"
25733,"calligraflow","general",0.1,"2001-05-15 03:03:02"
125649,"kdeprint","kjobviewer",0.1,"2006-04-15 21:44:04"
6104,"kdelibs","general",0.1,"2000-07-09 20:03:18"
18155,"calligraflow","general",0.1,"2001-01-06 13:18:05"
15187,"kbabel","general",0.1,"2000-11-12 13:33:03"
77796,"kontact","summary",0.1,"2004-03-16 21:37:01"
244326,"koffice","general",0.1,"2010-05-31 22:58:00"
9239,"kicker","general",0.1,"2000-08-28 11:18:01"
149058,"knetworkmanager","general",0.1,"2007-08-21 10:37:30"
132202,"kdevelop","application templates",0.1,"2006-08-10 12:57:16"
7189,"calligrastage","general",0.1,"2000-08-02 03:03:01"
19019,"kicker","appletproxy",0.1,"2001-01-24 12:03:07"
15444,"calligrastage","general",0.1,"2000-11-16 11:03:04"
284967,"kbounce","general",0.1,"2011-10-25 21:07:18"
12103,"calligrasheets","general",0.1,"2000-09-29 22:33:01"
251165,"kiriki","general",0.1,"2010-09-14 00:42:15"
53635,"kdvi","general",0.1,"2003-01-30 04:43:30"
162016,"lokalize","general",0.1,"2008-05-12 22:56:17"
27397,"kicker","appletproxy",0.1,"2001-06-18 05:03:02"
7862,"kicker","general",0.1,"2000-08-09 09:48:03"
20765,"korn","general",0.1,"2001-02-22 05:48:04"
16264,"calligrasheets","general",0.1,"2000-11-29 20:33:03"
12665,"kmoon","general",0.1,"2000-10-11 08:57:11"
62692,"kio","kfile",0.1,"2003-08-14 23:58:33"
9695,"kdelibs","klauncher",0.1,"2000-09-02 05:48:07"
8306,"calligrasheets","general",0.1,"2000-08-13 20:18:02"
139058,"i18n","es",0.1,"2006-12-20 18:10:44"
23161,"unknown","general",0.1,"2001-03-27 23:03:02"
261337,"kio","kssl",0.1,"2010-12-27 01:27:56"
31307,"kmail","general",0.1,"2001-08-22 12:48:01"
8685,"kicker","appletproxy",0.1,"2000-08-21 13:33:01"
118399,"blinken","general",0.1,"2005-12-15 19:54:24"
17746,"calligrastage","general",0.1,"2000-12-27 19:48:03"
269411,"lokalize","editor",0.1,"2011-03-25 20:15:47"
74046,"kontact","summary",0.1,"2004-02-03 01:56:49"
240520,"calligrachart","general",0.1,"2010-06-02 22:10:29"
9013,"kicker","appletproxy",0.1,"2000-08-25 17:18:02"
25748,"calligraflow","general",0.1,"2001-05-15 08:48:02"
125677,"i18n","general",0.1,"2006-04-16 17:34:18"
18303,"calligrasheets","general",0.1,"2001-01-09 19:18:01"
15188,"calligrasheets","general",0.1,"2000-11-12 13:33:04"
276366,"kdelibs","general",0.1,"2011-06-23 22:25:01"
77950,"kontact","summary",0.1,"2004-03-18 21:46:16"
11672,"calligrasheets","general",0.1,"2000-09-24 21:48:02"
45298,"kicker","appletproxy",0.1,"2002-07-16 11:48:04"
9240,"kicker","general",0.1,"2000-08-28 11:18:02"
149362,"knetworkmanager","802.1x",0.1,"2007-08-29 23:55:41"
26228,"kdvi","general",0.1,"2001-05-26 21:03:01"
132585,"kmail","messageviewer",0.1,"2006-08-18 05:21:35"
19143,"korn","general",0.1,"2001-01-26 13:33:04"
82815,"konqueror","searchbarplugin",0.1,"2004-06-04 03:02:16"
12148,"kdelibs","klauncher",0.1,"2000-10-01 20:03:07"
53654,"kdelibs","kstyle",0.1,"2003-01-30 12:25:23"
27409,"unknown","general",0.1,"2001-06-18 15:48:02"
7871,"unknown","general",0.1,"2000-08-09 11:18:00"
20767,"dcop","general",0.1,"2001-02-22 07:48:02"
110493,"kdeprint","kjobviewer",0.1,"2005-08-10 00:57:08"
16315,"calligrasheets","general",0.1,"2000-11-30 18:33:01"
12677,"calligrasheets","general",0.1,"2000-10-11 08:57:18"
62945,"kdeprint","kjobviewer",0.1,"2003-08-19 09:53:50"
9706,"kicker","appletproxy",0.1,"2000-09-02 12:33:00"
29308,"calligrasheets","general",0.1,"2001-07-19 07:33:04"
8307,"calligrasheets","general",0.1,"2000-08-13 20:18:03"
139164,"knetworkmanager","general",0.1,"2006-12-23 13:28:49"
16800,"calligrastage","general",0.1,"2000-12-09 23:18:02"
261476,"kdelibs","shortcuts",0.1,"2010-12-28 19:39:29"
70481,"kontact","summary",0.1,"2003-12-15 08:09:27"
209301,"i18n","es",0.1,"2009-10-03 14:39:16"
10099,"kicker","general",0.1,"2000-09-07 00:48:05"
32067,"calligrasheets","general",0.1,"2001-09-04 15:18:03"
24413,"calligrasheets","general",0.1,"2001-04-19 21:03:01"
5195,"kdevelop","kdevelop 2.x (obsolete)",0.1,"2000-06-19 20:18:01"
17769,"arts","general",0.1,"2000-12-28 12:18:01"
269693,"knetworkmanager","general",0.1,"2011-03-29 13:38:15"
74079,"kdeprint","kjobviewer",0.1,"2004-02-03 21:30:23"
241004,"calligrasheets","usability",0.1,"2010-06-07 12:03:51"
11015,"calligrasheets","general",0.1,"2000-09-18 19:18:06"
9014,"kicker","appletproxy",0.1,"2000-08-25 17:18:02"
144405,"i18n","es",0.1,"2007-04-18 23:54:16"
125753,"i18n","gl",0.1,"2006-04-17 18:46:35"
18317,"calligrasheets","general",0.1,"2001-01-10 00:48:01"
15207,"calligrasheets","general",0.1,"2000-11-12 19:33:01"
277637,"kdm","general",0.1,"2011-07-12 17:02:36"
11675,"kde","general",0.1,"2000-09-24 23:03:02"
46918,"kio","thumbnail",0.1,"2002-08-24 22:48:10"
9281,"kicker","appletproxy",0.1,"2000-08-28 21:33:00"
149648,"kdeprint","kjobviewer",0.1,"2007-09-08 12:55:37"
26264,"knapster2","general",0.1,"2001-05-27 18:03:02"
132602,"kerry","general",0.1,"2006-08-18 18:49:25"
7344,"calligrastage","general",0.1,"2000-08-03 10:03:00"
19325,"kbounce","general",0.1,"2001-01-29 07:48:01"
106134,"kdeprint","kjobviewer",0.1,"2005-05-22 23:40:40"
286758,"kdelibs","kdecore",0.1,"2011-11-16 07:17:49"
12258,"calligrasheets","general",0.1,"2000-10-02 21:33:01"
251422,"kontact","general",0.1,"2010-09-16 10:44:40"
54569,"kdelibs","kstyle",0.1,"2003-02-12 21:11:18"
9559,"kicker","appletproxy",0.1,"2000-08-31 15:18:02"
162971,"kdevelop","application templates",0.1,"2008-06-01 03:10:03"
27438,"ktuberling","general",0.1,"2001-06-19 08:33:01"
7939,"kicker","appletproxy",0.1,"2000-08-10 08:33:01"
135960,"kdelibs","kimgio",0.1,"2006-10-19 13:48:52"
20787,"korn","general",0.1,"2001-02-22 17:03:06"
16349,"calligrastage","general",0.1,"2000-12-01 12:03:11"
252461,"krita","general",0.1,"2010-09-26 20:11:29"
63133,"kio","smb",0.1,"2003-08-22 21:03:45"
185912,"i18n","es",0.1,"2009-03-01 22:58:15"
9707,"kicker","appletproxy",0.1,"2000-09-02 12:33:02"
29439,"calligraflow","general",0.1,"2001-07-21 04:48:03"
23524,"kviewshell","general",0.1,"2001-04-02 09:18:01"
4537,"kicker","general",0.1,"2000-06-05 12:33:01"
16850,"calligrasheets","general",0.1,"2000-12-10 21:48:05"
91894,"arts","xine_artsplugin",0.1,"2004-10-22 12:58:30"
13662,"kviewshell","general",0.1,"2000-10-26 08:33:06"
209890,"kdevelop","general",0.1,"2009-10-08 17:57:13"
10147,"kicker","general",0.1,"2000-09-07 16:48:05"
8713,"kviewshell","general",0.1,"2000-08-22 00:18:01"
142170,"kerry","general",0.1,"2007-02-25 10:54:17"
120636,"i18n","de",0.1,"2006-01-23 08:59:39"
95191,"arts","artsd",0.1,"2004-12-15 08:08:30"
14233,"korn","general",0.1,"2000-10-31 16:33:02"
74279,"kontact","summary",0.1,"2004-02-05 21:16:58"
241636,"kde","general",0.1,"2010-06-13 12:01:11"
11019,"kicker","appletproxy",0.1,"2000-09-18 19:33:04"
9071,"calligrastage","general",0.1,"2000-08-26 03:48:45"
144496,"kdevelop","application templates",0.1,"2007-04-21 17:40:23"
125836,"i18n","da",0.1,"2006-04-18 22:24:47"
18354,"kdelibs","klauncher",0.1,"2001-01-10 16:33:01"
15214,"calligrasheets","general",0.1,"2000-11-12 21:18:02"
278433,"kio","http",0.1,"2011-07-25 01:03:40"
245190,"kmail","filtering",0.1,"2010-07-20 01:38:10"
9301,"kicker","appletproxy",0.1,"2000-08-29 06:33:01"
150881,"kdeprint","kjobviewer",0.1,"2007-10-16 03:57:38"
26330,"calligrasheets","general",0.1,"2001-05-29 02:18:01"
133126,"i18n","de",0.1,"2006-08-28 14:32:43"
19588,"kicker","general",0.1,"2001-02-01 20:48:02"
106219,"kdevelop","application templates",0.1,"2005-05-24 16:25:38"
286761,"i18n","ca",0.1,"2011-11-16 08:02:03"
82817,"konqueror","searchbarplugin",0.1,"2004-06-04 03:06:22"
251494,"kbounce","general",0.1,"2010-09-16 21:16:53"
54727,"kio","kfile",0.1,"2003-02-16 18:28:12"
9561,"kicker","appletproxy",0.1,"2000-08-31 16:03:03"
27550,"korn","general",0.1,"2001-06-22 02:03:01"
135975,"kdeprint","kjobviewer",0.1,"2006-10-19 18:47:35"
111144,"karbon","general",0.1,"2005-08-20 13:46:51"
16350,"calligrastage","general",0.1,"2000-12-01 12:03:14"
322339,"ksystraycmd","general",0.1,"2013-07-14 12:00:53"
12701,"calligrasheets","general",0.1,"2000-10-11 15:33:01"
252463,"krita","general",0.1,"2010-09-26 20:21:25"
64017,"kdeprint","kjobviewer",0.1,"2003-09-10 13:43:26"
186038,"kio","file",0.1,"2009-03-03 14:08:25"
9708,"kicker","appletproxy",0.1,"2000-09-02 12:33:03"
29724,"calligraflow","general",0.1,"2001-07-25 13:03:02"
8335,"kicker","appletproxy",0.1,"2000-08-14 07:33:00"
23573,"korn","general",0.1,"2001-04-03 00:33:03"
112623,"karbon","general",0.1,"2005-09-15 00:34:55"
4614,"calligrasheets","general",0.1,"2000-06-07 11:48:02"
91971,"karbon","general",0.1,"2004-10-23 22:10:28"
13675,"kdelibs","klauncher",0.1,"2000-10-26 10:48:01"
70789,"konqueror","khtml forms",0.1,"2003-12-19 00:47:59"
210866,"i18n","it",0.1,"2009-10-17 11:11:38"
10177,"calligrasheets","general",0.1,"2000-09-08 02:48:02"
33031,"calligrasheets","general",0.1,"2001-09-27 15:33:02"
8764,"kicker","appletproxy",0.1,"2000-08-22 14:18:00"
142349,"knetworkmanager","wep",0.1,"2007-02-28 23:12:56"
24537,"korn","general",0.1,"2001-04-22 08:48:02"
120776,"kdevelop","application templates",0.1,"2006-01-25 13:53:03"
5198,"kdevelop","kdevelop 2.x (obsolete)",0.1,"2000-06-19 20:18:02"
14328,"calligrasheets","general",0.1,"2000-11-01 13:48:02"
271018,"kio","smb",0.1,"2011-04-15 10:44:04"
74350,"kontact","summary",0.1,"2004-02-06 15:04:49"
242188,"kio","fish",0.1,"2010-06-19 19:19:03"
38952,"kdvi","general",0.1,"2002-03-04 17:18:01"
144725,"knetworkmanager","general",0.1,"2007-04-26 21:01:18"
25906,"calligraflow","general",0.1,"2001-05-19 15:03:04"
126082,"kontact","general",0.1,"2006-04-22 18:56:13"
102282,"kdeprint","kjobviewer",0.1,"2005-03-23 15:54:58"
15250,"calligrastage","general",0.1,"2000-11-13 10:18:02"
279705,"kio","tar",0.1,"2011-08-09 00:39:13"
245337,"ksysguard","general",0.1,"2010-07-21 17:59:53"
11757,"kicker","appletproxy",0.1,"2000-09-25 21:18:01"
9302,"kdelibs","klauncher",0.1,"2000-08-29 07:18:01"
151363,"kdeprint","kjobviewer",0.1,"2007-10-26 09:58:38"
26377,"arts","artscontrol",0.1,"2001-05-29 21:03:01"
7530,"calligrasheets","general",0.1,"2000-08-05 00:33:01"
19642,"korn","general",0.1,"2001-02-02 16:03:05"
287818,"krita","general",0.1,"2011-11-29 08:27:51"
82818,"konqueror","searchbarplugin",0.1,"2004-06-04 03:09:23"
251497,"kbounce","general",0.1,"2010-09-16 21:20:15"
55566,"kio","uiserver",0.1,"2003-03-05 18:14:11"
27575,"calligrasheets","general",0.1,"2001-06-22 19:48:02"
136072,"kerry","general",0.1,"2006-10-21 10:32:50"
16417,"calligrasheets","general",0.1,"2000-12-03 10:18:01"
86821,"kio","kssl",0.1,"2004-08-09 05:04:30"
12772,"kicker","appletproxy",0.1,"2000-10-13 00:03:08"
64123,"dcop","kdcop",0.1,"2003-09-12 10:44:01"
9711,"kicker","appletproxy",0.1,"2000-09-02 14:03:01"
29963,"kdelibs","qt",0.1,"2001-07-29 10:18:01"
8353,"kicker","appletproxy",0.1,"2000-08-14 15:18:02"
23636,"arts","general",0.1,"2001-04-03 19:48:01"
16932,"kde","general",0.1,"2000-12-12 04:03:01"
92232,"kontact","summary",0.1,"2004-10-28 01:36:49"
13678,"kicker","general",0.1,"2000-10-26 10:48:04"
263508,"kdelibs","kded",0.1,"2011-01-18 05:55:31"
33050,"unknown","general",0.1,"2001-09-28 01:33:01"
8836,"kicker","appletproxy",0.1,"2000-08-23 15:33:06"
142370,"kerry","general",0.1,"2007-03-01 16:22:17"
24689,"calligrasheets","general",0.1,"2001-04-24 16:03:04"
17851,"calligrastage","general",0.1,"2000-12-30 05:03:01"
271098,"kdelibs","kdewebkit",0.1,"2011-04-16 14:59:50"
74761,"kdvi","general",0.1,"2004-02-09 21:20:32"
39869,"calligraflow","general",0.1,"2002-03-27 14:48:01"
144961,"i18n","nl",0.1,"2007-05-02 16:15:00"
26009,"calligraflow","general",0.1,"2001-05-22 10:33:02"
126470,"kdelibs","general",0.1,"2006-04-29 14:17:50"
102390,"kdevelop","application templates",0.1,"2005-03-24 20:24:06"
280086,"krita","general",0.1,"2011-08-14 18:45:59"
246583,"knetworkmanager","pptp",0.1,"2010-08-03 10:10:01"
11762,"ktimemon","general",0.1,"2000-09-25 22:48:07"
48748,"kio","smb",0.1,"2002-10-05 22:14:26"
151999,"kdeprint","kjobviewer",0.1,"2007-11-08 01:51:14"
26446,"calligrasheets","general",0.1,"2001-05-30 22:18:02"
106642,"kdeprint","kjobviewer",0.1,"2005-06-01 23:45:18"
15756,"korn","general",0.1,"2000-11-21 07:33:01"
288943,"kdelibs","klocale",0.1,"2011-12-14 07:58:17"
82892,"kturtle","general",0.1,"2004-06-05 16:04:38"
12298,"calligrasheets","general",0.1,"2000-10-03 16:03:02"
251616,"krita","general",0.1,"2010-09-17 22:01:59"
56642,"kdeprint","kjobviewer",0.1,"2003-03-31 01:24:27"
166578,"kdelibs","general",0.1,"2008-07-14 22:26:43"
27580,"calligraflow","general",0.1,"2001-06-22 21:03:01"
7975,"kicker","appletproxy",0.1,"2000-08-10 15:48:04"
136424,"kerry","general",0.1,"2006-10-28 18:11:41"
21012,"korn","general",0.1,"2001-02-27 20:48:07"
111148,"karbon","general",0.1,"2005-08-20 14:16:47"
16432,"korn","general",0.1,"2000-12-03 18:03:08"
12872,"calligrasheets","general",0.1,"2000-10-14 08:48:02"
189436,"i18n","he",0.1,"2009-04-12 10:28:33"
9712,"kdelibs","general",0.1,"2000-09-02 14:03:04"
30008,"ktuberling","general",0.1,"2001-07-30 01:18:01"
8391,"calligrasheets","general",0.1,"2000-08-15 09:48:06"
139929,"kdeprint","kjobviewer",0.1,"2007-01-11 21:57:15"
4854,"kicker","general",0.1,"2000-06-13 11:03:01"
112985,"kdeprint","kjobviewer",0.1,"2005-09-21 09:23:03"
4855,"kicker","general",0.1,"2000-06-13 12:03:00"
13746,"korn","general",0.1,"2000-10-26 19:48:02"
71898,"kdeprint","kjobviewer",0.1,"2004-01-05 11:58:12"
213856,"kdelibs","general",0.1,"2009-11-09 16:48:36"
10251,"calligrasheets","general",0.1,"2000-09-09 14:48:02"
142637,"kerry","general",0.1,"2007-03-07 11:33:17"
121671,"kdeprint","kjobviewer",0.1,"2006-02-09 21:53:09"
5200,"kdevelop","kdevelop 2.x (obsolete)",0.1,"2000-06-19 20:18:02"
17852,"calligrastage","general",0.1,"2000-12-30 05:03:04"
97371,"kontact","summary",0.1,"2005-01-18 18:28:16"
39871,"calligraflow","general",0.1,"2002-03-27 15:03:01"
26016,"koffice","filters",0.1,"2001-05-22 14:03:02"
126679,"kerry","general",0.1,"2006-05-03 17:16:13"
246585,"knetworkmanager","pptp",0.1,"2010-08-03 10:12:45"
11818,"kicker","appletproxy",0.1,"2000-09-26 13:18:02"
49311,"kio","kamera",0.1,"2002-10-18 00:26:56"
153908,"kdelibs","kded",0.1,"2007-12-12 14:58:11"
26705,"kviewshell","general",0.1,"2001-06-04 11:03:03"
133392,"kdevelop","application templates",0.1,"2006-09-01 18:44:34"
19765,"kfax","general",0.1,"2001-02-04 19:59:35"
290331,"kio","ftp",0.1,"2012-01-01 16:28:39"
83218,"kontact","summary",0.1,"2004-06-11 14:58:06"
12313,"unknown","general",0.1,"2000-10-03 19:03:02"
56785,"kdeprint","kjobviewer",0.1,"2003-04-03 11:09:42"
7984,"kicker","general",0.1,"2000-08-10 17:48:02"
136637,"kerry","general",0.1,"2006-11-01 14:43:42"
21017,"kicker","appletproxy",0.1,"2001-02-28 04:48:03"
111201,"karbon","general",0.1,"2005-08-21 12:49:56"
16490,"calligrasheets","general",0.1,"2000-12-05 13:18:12"
335527,"Baloo","General",0.1,"2014-05-29 13:29:47"
87625,"kontact","summary",0.1,"2004-08-20 19:53:37"
13064,"calligrasheets","general",0.1,"2000-10-17 00:18:01"
253630,"kdelibs","kdewebkit",0.1,"2010-10-08 22:33:38"
64963,"dcop","kdcop",0.1,"2003-09-26 06:35:04"
189582,"kdelibs","qt",0.1,"2009-04-14 02:56:01"
30076,"calligraflow","general",0.1,"2001-07-31 17:48:01"
8417,"kicker","appletproxy",0.1,"2000-08-15 19:03:04"
23863,"korn","general",0.1,"2001-04-07 16:03:02"
293218,"i18n","fr",0.1,"2012-02-03 15:53:09"
342312,"Baloo","General",0.1,"2014-12-29 15:42:56"
342468,"kapptemplate","general",0.1,"2015-01-04 01:01:17"
252454,"krita","general",0.1,"2010-09-26 19:37:48"
252455,"krita","general",0.1,"2010-09-26 19:40:35"
275722,"i18n","ru",0.1,"2011-06-15 15:55:50"
252456,"krita","general",0.1,"2010-09-26 19:51:22"
244459,"koffice","usability",0.1,"2010-07-13 08:48:33"
285179,"i18n","es",0.1,"2011-10-28 14:20:28"
252457,"krita","general",0.1,"2010-09-26 19:53:48"
244462,"calligrasheets","usability",0.1,"2010-07-13 09:29:20"
335524,"Baloo","General",0.1,"2014-05-29 13:18:33"
264330,"ksysguard","general",0.1,"2011-01-26 11:31:55"
97421,"kontact","summary",0.1,"2005-01-19 12:37:23"
14516,"calligrasheets","general",0.1,"2000-11-03 15:03:04"
272358,"krita","Tools",0.1,"2011-05-03 20:15:30"
80297,"i18n","de",0.1,"2004-04-25 12:15:16"
246587,"knetworkmanager","general",0.1,"2010-08-03 10:21:03"
108125,"karbon","general",0.1,"2005-06-25 19:29:23"
57062,"kdvi","general",0.1,"2003-04-09 21:17:15"
65061,"lokalize","general",0.1,"2003-09-28 00:35:22"
30151,"korn","general",0.1,"2001-08-01 18:48:02"
113258,"kmail","general",0.1,"2005-09-25 00:24:00"
72317,"kdelibs","kwallet",0.1,"2004-01-10 16:31:12"
33944,"kdeprint","kjobviewer",0.1,"2001-10-21 00:03:02"
97422,"kontact","summary",0.1,"2005-01-19 12:44:19"
103075,"kdeprint","kjobviewer",0.1,"2005-04-02 16:12:15"
157812,"lokalize","general",0.1,"2008-02-14 10:39:45"
26853,"kdvi","general",0.1,"2001-06-07 06:33:01"
133428,"kerry","general",0.1,"2006-09-02 10:26:33"
108126,"karbon","general",0.1,"2005-06-25 19:54:00"
137013,"kerry","general",0.1,"2006-11-07 18:39:15"
3327,"kicker","general",0.1,"2000-05-11 18:03:04"
13245,"calligrasheets","general",0.1,"2000-10-20 16:18:02"
254662,"kdevelop","Language Support: CPP",0.1,"2010-10-19 17:17:28"
65128,"konqueror","fsview",0.1,"2003-09-28 20:48:02"
140703,"knetworkmanager","general",0.1,"2007-01-27 07:26:41"
113617,"kmail","composer",0.1,"2005-09-30 11:49:06"
13821,"kdvi","general",0.1,"2000-10-27 11:48:04"
147182,"knetworkmanager","general",0.1,"2007-06-25 00:57:17"
26048,"krita","general",0.1,"2001-05-23 02:18:01"
128577,"kerry","general",0.1,"2006-06-03 17:32:17"
81067,"kdelibs","kwallet",0.1,"2004-05-06 23:21:12"
158102,"kdeprint","kjobviewer",0.1,"2008-02-20 16:41:58"
133675,"kerry","general",0.1,"2006-09-06 21:46:20"
16604,"kdvi","general",0.1,"2000-12-07 08:48:13"
140839,"kdevelop","Build tools: Custom Makefiles",0.1,"2007-01-29 17:05:02"
13888,"calligrachart","general",0.1,"2000-10-28 01:03:04"
226260,"kdelibs","kdeui",0.1,"2010-02-11 09:51:12"
34088,"calligrasheets","general",0.1,"2001-10-24 21:48:02"
14971,"calligrachart","general",0.1,"2000-11-09 04:03:03"
15300,"calligraflow","general",0.1,"2000-11-13 20:33:02"
81102,"kdelibs","kwallet",0.1,"2004-05-07 16:48:49"
133676,"kerry","general",0.1,"2006-09-06 22:07:02"
108171,"karbon","general",0.1,"2005-06-26 19:10:09"
84074,"kontact","summary",0.1,"2004-06-27 09:38:57"
170573,"kiriki","general",0.1,"2008-09-07 02:07:11"
66208,"kio","devices",0.1,"2003-10-18 16:10:43"
194854,"kdelibs","kspell",0.1,"2009-06-01 11:47:10"
10479,"calligrastage","general",0.1,"2000-09-13 10:03:03"
34101,"calligrasheets","general",0.1,"2001-10-25 10:03:01"
143544,"knetworkmanager","vpnc",0.1,"2007-03-28 11:47:25"
25283,"kdeprint","kjobviewer",0.1,"2001-05-06 16:48:04"
147406,"knetworkmanager","general",0.1,"2007-07-01 01:24:55"
26123,"calligrasheets","general",0.1,"2001-05-24 15:18:01"
81518,"kontact","summary",0.1,"2004-05-13 18:00:33"
134586,"i18n","it",0.1,"2006-09-24 14:00:21"
16064,"ktuberling","general",0.1,"2000-11-26 11:48:01"
84299,"kdeprint","kjobviewer",0.1,"2004-07-01 11:23:04"
59524,"dcop","kdcop",0.1,"2003-06-08 18:28:05"
16702,"calligrastage","general",0.1,"2000-12-08 08:33:02"
114286,"kmail","messageviewer",0.1,"2005-10-12 17:25:51"
73186,"kontact","summary",0.1,"2004-01-22 00:10:42"
147963,"knetworkmanager","general",0.1,"2007-07-17 23:33:01"
104336,"i18n","de",0.1,"2005-04-21 19:14:32"
175123,"kdelibs","kdeui",0.1,"2008-11-14 13:44:01"
4053,"calligrastage","general",0.1,"2000-05-24 19:48:01"
141338,"kerry","general",0.1,"2007-02-07 16:11:56"
115199,"kmail","addressbook",0.1,"2005-10-27 17:06:14"
233331,"kmail","composer",0.1,"2010-04-05 12:31:12"
25322,"calligrasheets","general",0.1,"2001-05-07 15:03:04"
274745,"kdm","general",0.1,"2011-06-02 12:36:00"
148132,"kdevelop","application templates",0.1,"2007-07-23 10:12:47"
26149,"calligraflow","general",0.1,"2001-05-25 04:33:02"
15389,"calligrasheets","general",0.1,"2000-11-15 15:18:02"
9450,"calligrasheets","general",0.1,"2000-08-30 14:03:02"
20472,"korn","general",0.1,"2001-02-14 23:48:07"
176196,"kio","fish",0.1,"2008-11-27 00:22:28"
138659,"kerry","general",0.1,"2006-12-11 07:11:56"
141358,"kerry","general",0.1,"2007-02-07 20:22:48"
17496,"calligrasheets","general",0.1,"2000-12-21 10:03:01"
93848,"kdeprint","kjobviewer",0.1,"2004-11-24 14:57:50"
14124,"calligrastage","general",0.1,"2000-10-30 15:48:02"
73507,"kontact","general",0.1,"2004-01-26 00:52:03"
43267,"korn","general",0.1,"2002-05-30 14:03:01"
15390,"calligrasheets","general",0.1,"2000-11-15 15:18:04"
161954,"kdevelop","application templates",0.1,"2008-05-11 14:20:04"
61643,"dcop","kdcop",0.1,"2003-07-25 00:14:41"
28906,"calligrasheets","general",0.1,"2001-07-13 18:03:02"
4205,"calligrasheets","general",0.1,"2000-05-29 19:48:00"
202389,"kdelibs","general",0.1,"2009-08-03 15:00:51"
125278,"kde","general",0.1,"2006-04-10 12:38:05"
18154,"calligraflow","general",0.1,"2001-01-06 13:18:04"
77479,"kdelibs","kwallet",0.1,"2004-03-13 16:00:13"
9226,"calligrastage","general",0.1,"2000-08-28 07:18:00"
148497,"knetworkmanager","general",0.1,"2007-08-04 04:38:51"
26162,"calligraflow","general",0.1,"2001-05-25 11:33:02"
15417,"koffice","general",0.1,"2000-11-15 21:33:02"
179038,"ksysguard","general",0.1,"2008-12-29 12:09:32"
112619,"karbon","general",0.1,"2005-09-15 00:31:47"
4231,"kicker","general",0.1,"2000-05-30 16:48:01"
70130,"lokalize","general",0.1,"2003-12-11 15:00:10"
237637,"kdelibs","general",0.1,"2010-05-14 16:45:28"
101100,"karbon","general",0.1,"2005-03-08 14:35:04"
11659,"calligrasheets","general",0.1,"2000-09-24 15:18:01"
44043,"kdeprint","kjobviewer",0.1,"2002-06-18 06:03:03"
26224,"knapster2","general",0.1,"2001-05-26 17:18:05"
82547,"kdelibs","kwallet",0.1,"2004-05-31 04:02:58"
135779,"kerry","general",0.1,"2006-10-17 00:34:15"
110220,"kdeprint","kjobviewer",0.1,"2005-08-05 11:35:03"
301268,"ksysguard","ksysguard",0.1,"2012-06-06 09:46:43"
183411,"kio","kssl",0.1,"2009-02-06 11:47:03"
112620,"karbon","general",0.1,"2005-09-15 00:32:35"
4312,"kicker","general",0.1,"2000-05-31 09:33:03"
16792,"calligrasheets","general",0.1,"2000-12-09 21:33:03"
90989,"kdeprint","general",0.1,"2004-10-08 22:11:07"
70255,"kontact","summary",0.1,"2003-12-12 22:23:33"
141830,"kerry","general",0.1,"2007-02-17 17:12:08"
24399,"koffice","general",0.1,"2001-04-19 15:03:02"
94267,"kontact","general",0.1,"2004-12-02 08:29:11"
144149,"kdeprint","kjobviewer",0.1,"2007-04-12 18:45:10"
15448,"korn","general",0.1,"2000-11-16 12:33:02"
135829,"kerry","general",0.1,"2006-10-17 18:52:47"
86247,"kdeprint","kjobviewer",0.1,"2004-07-29 18:11:11"
183626,"kio","general",0.1,"2009-02-07 23:12:54"
23347,"korn","general",0.1,"2001-03-30 15:33:04"
112621,"karbon","general",0.1,"2005-09-15 00:33:17"
4314,"kicker","general",0.1,"2000-05-31 10:48:00"
91340,"kturtle","general",0.1,"2004-10-14 22:23:35"
91341,"kturtle","general",0.1,"2004-10-14 22:26:10"
141862,"knetworkmanager","general",0.1,"2007-02-18 14:37:37"
25788,"koffice","general",0.1,"2001-05-16 07:18:01"
78021,"kontact","summary",0.1,"2004-03-19 19:30:05"
110810,"krunner","general",0.1,"2005-08-15 12:21:27"
8308,"calligrasheets","general",0.1,"2000-08-13 20:18:03"
112622,"karbon","general",0.1,"2005-09-15 00:33:44"
262333,"ksysguard","general",0.1,"2011-01-06 20:01:54"
70673,"kontact","summary",0.1,"2003-12-17 12:16:08"
24501,"kdeprint","kjobviewer",0.1,"2001-04-21 16:48:12"
5196,"kdevelop","kdevelop 2.x (obsolete)",0.1,"2000-06-19 20:18:01"
17792,"calligrasheets","general",0.1,"2000-12-28 23:48:02"
270132,"kio","ftp",0.1,"2011-04-05 09:16:48"
38416,"unknown","general",0.1,"2002-02-19 19:48:02"
25816,"ksysguard","general",0.1,"2001-05-16 19:33:04"
6253,"kicker","general",0.1,"2000-07-12 13:48:01"
78505,"kdelibs","kwallet",0.1,"2004-03-26 19:08:55"
48187,"kio","smtp",0.1,"2002-09-23 13:03:04"
86466,"kdeprint","kjobviewer",0.1,"2004-08-02 21:52:56"
139268,"kdelibs","kspell",0.1,"2006-12-27 09:39:48"
16891,"korn","general",0.1,"2000-12-11 15:03:02"
262975,"kdelibs","kdewebkit",0.1,"2011-01-12 18:47:00"
17814,"calligrasheets","general",0.1,"2000-12-29 11:18:01"
95581,"kdeprint","kjobviewer",0.1,"2004-12-21 14:26:09"
6255,"kicker","general",0.1,"2000-07-12 13:48:02"
78774,"kdevelop","CTags",0.1,"2004-03-31 02:25:36"
48502,"lokalize","project management",0.1,"2002-09-30 13:38:15"
133246,"i18n","nl",0.1,"2006-08-30 08:56:31"
106225,"kio","imap",0.1,"2005-05-24 18:39:06"
164760,"i18n","de",0.1,"2008-06-23 16:03:05"
253381,"krita","Tools",0.1,"2010-10-06 13:04:40"
4745,"calligrastage","general",0.1,"2000-06-10 04:03:02"
16892,"korn","general",0.1,"2000-12-11 15:18:02"
71887,"kontact","summary",0.1,"2004-01-05 09:13:08"
5199,"kdevelop","kdevelop 2.x (obsolete)",0.1,"2000-06-19 20:18:02"
96944,"karbon","general",0.1,"2005-01-13 20:51:25"
15295,"calligraflow","general",0.1,"2000-11-13 20:03:03"
79756,"kontact","summary",0.1,"2004-04-16 17:18:52"
19678,"calligrasheets","general",0.1,"2001-02-03 07:33:01"
87570,"dcop","kdcop",0.1,"2004-08-20 07:04:20"
23846,"calligrasheets","general",0.1,"2001-04-07 06:33:01"
112984,"kdeprint","kjobviewer",0.1,"2005-09-21 09:21:50"
33251,"korn","general",0.1,"2001-10-03 09:48:02"
24732,"arts","artscontrol",0.1,"2001-04-25 03:03:02"
14457,"kfax","general",0.1,"2000-11-02 20:18:03"
74797,"kontact","summary",0.1,"2004-02-10 08:45:44"
6702,"calligrasheets","general",0.1,"2000-07-26 08:03:04"
18669,"calligrastage","filters",0.1,"2001-01-16 20:18:01"
15296,"calligraflow","general",0.1,"2000-11-13 20:03:04"
280238,"kontact","general",0.1,"2011-08-17 04:18:50"
79757,"kontact","summary",0.1,"2004-04-16 17:28:55"
107728,"arts","xine_artsplugin",0.1,"2005-06-19 14:00:42"
251631,"krita","usability",0.1,"2010-09-18 05:26:48"
27583,"calligraflow","general",0.1,"2001-06-22 21:03:03"
65266,"kdeprint","kjobviewer",0.1,"2003-09-30 21:34:10"