"Bug ID","Product","Component","Version","Opened"
4790,"Wireshark","GTK+ UI","1.3.x (Experimental)","2010-05-25 12:40:01"
3746,"Wireshark","GTK+ UI","1.3.x (Experimental)","2009-07-16 06:27:09"
4970,"Wireshark","GTK+ UI","1.3.x (Experimental)","2010-07-03 09:06:07"
4828,"Wireshark","GTK+ UI","1.3.x (Experimental)","2010-06-02 12:40:11"
4189,"Wireshark","TShark","1.3.x (Experimental)","2009-11-01 02:20:26"
4540,"Wireshark","GTK+ UI","1.3.x (Experimental)","2010-02-26 14:51:14"
4069,"Wireshark","GTK+ UI","1.3.x (Experimental)","2009-09-30 08:45:01"
3731,"Wireshark","GTK+ UI","1.3.x (Experimental)","2009-07-14 03:53:49"
4071,"Wireshark","GTK+ UI","1.3.x (Experimental)","2009-10-01 02:29:30"
4780,"Wireshark","Extras","1.3.x (Experimental)","2010-05-23 02:48:16"
4202,"Wireshark","GTK+ UI","1.3.x (Experimental)","2009-11-04 03:31:22"
4288,"Wireshark","GTK+ UI","1.3.x (Experimental)","2009-12-03 05:56:45"
4641,"Wireshark","GTK+ UI","1.3.x (Experimental)","2010-04-04 14:57:24"
4873,"Wireshark","GTK+ UI","1.3.x (Experimental)","2010-06-12 12:04:56"
4799,"Wireshark","GTK+ UI","1.3.x (Experimental)","2010-05-27 01:45:51"
3751,"Wireshark","GTK+ UI","1.3.x (Experimental)","2009-07-17 08:04:16"
4688,"Wireshark","GTK+ UI","1.3.x (Experimental)","2010-04-16 05:43:36"
4800,"Wireshark","GTK+ UI","1.3.x (Experimental)","2010-05-27 01:48:25"
4801,"Wireshark","GTK+ UI","1.3.x (Experimental)","2010-05-27 02:02:35"
5051,"Wireshark","GTK+ UI","1.3.x (Experimental)","2010-07-25 06:52:59"
3563,"Wireshark","GTK+ UI","1.3.x (Experimental)","2009-06-22 06:19:32"
3978,"Wireshark","GTK+ UI","1.3.x (Experimental)","2009-09-03 05:48:10"
4717,"Wireshark","GTK+ UI","1.3.x (Experimental)","2010-04-27 11:17:07"
4821,"Wireshark","GTK+ UI","1.3.x (Experimental)","2010-06-01 09:58:09"
4359,"Wireshark","Build process","1.3.x (Experimental)","2009-12-27 09:11:41"
4480,"Wireshark","GTK+ UI","1.3.x (Experimental)","2010-02-10 05:15:30"
4511,"Wireshark","GTK+ UI","1.3.x (Experimental)","2010-02-21 08:25:09"
4829,"Wireshark","TShark","1.3.x (Experimental)","2010-06-02 12:51:24"
3868,"Wireshark","Dissection engine (libwireshark)","1.3.x (Experimental)","2009-08-11 07:04:15"
3686,"Wireshark","GTK+ UI","1.3.x (Experimental)","2009-07-08 06:02:59"
4534,"Wireshark","GTK+ UI","1.3.x (Experimental)","2010-02-25 13:09:31"
4172,"Wireshark","GTK+ UI","1.3.x (Experimental)","2009-10-28 04:34:04"
4415,"Wireshark","GTK+ UI","1.3.x (Experimental)","2010-01-22 01:24:27"
4429,"Wireshark","GTK+ UI","1.3.x (Experimental)","2010-01-27 23:27:52"
4845,"Wireshark","TShark","1.3.x (Experimental)","2010-06-05 19:14:57"
4432,"Wireshark","GTK+ UI","1.3.x (Experimental)","2010-01-28 07:44:48"
4850,"Wireshark","GTK+ UI","1.3.x (Experimental)","2010-06-06 23:10:32"
3303,"Wireshark","GTK+ UI","1.3.x (Experimental)","2009-03-05 02:01:29"
4433,"Wireshark","GTK+ UI","1.3.x (Experimental)","2010-01-28 08:12:46"
4544,"Wireshark","GTK+ UI","1.3.x (Experimental)","2010-03-01 02:51:34"
4080,"Wireshark","GTK+ UI","1.3.x (Experimental)","2009-10-02 07:31:28"
4794,"Wireshark","GTK+ UI","1.3.x (Experimental)","2010-05-26 02:28:22"
4855,"Wireshark","GTK+ UI","1.3.x (Experimental)","2010-06-08 14:15:57"
4436,"Wireshark","GTK+ UI","1.3.x (Experimental)","2010-01-29 01:10:04"
4290,"Wireshark","GTK+ UI","1.3.x (Experimental)","2009-12-03 09:51:21"
4437,"Wireshark","GTK+ UI","1.3.x (Experimental)","2010-01-29 01:55:50"
4296,"Wireshark","GTK+ UI","1.3.x (Experimental)","2009-12-04 07:06:49"
4311,"Wireshark","GTK+ UI","1.3.x (Experimental)","2009-12-09 12:35:53"
4564,"Wireshark","GTK+ UI","1.3.x (Experimental)","2010-03-08 04:41:06"
4693,"Wireshark","GTK+ UI","1.3.x (Experimental)","2010-04-18 19:49:18"
4210,"Wireshark","GTK+ UI","1.3.x (Experimental)","2009-11-05 14:46:37"
4323,"Wireshark","GTK+ UI","1.3.x (Experimental)","2009-12-11 01:45:16"
4566,"Wireshark","GTK+ UI","1.3.x (Experimental)","2010-03-09 14:16:47"
4696,"Wireshark","GTK+ UI","1.3.x (Experimental)","2010-04-19 05:35:52"
4567,"Wireshark","GTK+ UI","1.3.x (Experimental)","2010-03-09 15:22:32"
5260,"Wireshark","GTK+ UI","1.3.x (Experimental)","2010-09-26 23:37:24"
4817,"Wireshark","GTK+ UI","1.3.x (Experimental)","2010-05-31 12:39:51"
3609,"Wireshark","GTK+ UI","1.3.x (Experimental)","2009-06-26 10:53:11"
3810,"Wireshark","GTK+ UI","1.3.x (Experimental)","2009-08-04 22:34:11"
4220,"Wireshark","GTK+ UI","1.3.x (Experimental)","2009-11-09 05:03:26"
4721,"Wireshark","GTK+ UI","1.3.x (Experimental)","2010-04-28 08:40:58"
3653,"Wireshark","GTK+ UI","1.3.x (Experimental)","2009-07-03 08:39:52"
4578,"Wireshark","GTK+ UI","1.3.x (Experimental)","2010-03-14 09:39:38"
4732,"Wireshark","TShark","1.3.x (Experimental)","2010-04-30 13:20:27"
4242,"Wireshark","GTK+ UI","1.3.x (Experimental)","2009-11-16 11:01:16"
4583,"Wireshark","GTK+ UI","1.3.x (Experimental)","2010-03-15 18:05:44"
4161,"Wireshark","GTK+ UI","1.3.x (Experimental)","2009-10-24 14:20:37"
4517,"Wireshark","GTK+ UI","1.3.x (Experimental)","2010-02-22 15:19:19"
4250,"Wireshark","GTK+ UI","1.3.x (Experimental)","2009-11-18 05:42:37"
4630,"Wireshark","GTK+ UI","1.3.x (Experimental)","2010-03-31 01:15:54"
4263,"Wireshark","GTK+ UI","1.3.x (Experimental)","2009-11-24 15:54:41"
4634,"Wireshark","GTK+ UI","1.3.x (Experimental)","2010-03-31 21:10:07"
4775,"Wireshark","GTK+ UI","1.3.x (Experimental)","2010-05-20 02:04:59"
4638,"Wireshark","GTK+ UI","1.3.x (Experimental)","2010-04-02 00:27:19"
4555,"Wireshark","GTK+ UI","1.3.x (Experimental)","2010-03-04 06:55:55"
4438,"Wireshark","GTK+ UI","1.3.x (Experimental)","2010-01-29 02:55:24"
4113,"Wireshark","GTK+ UI","1.3.x (Experimental)","2009-10-09 17:13:57"
4209,"Wireshark","GTK+ UI","1.3.x (Experimental)","2009-11-05 09:45:51"
4993,"Wireshark","GTK+ UI","1.3.x (Experimental)","2010-07-09 11:46:01"
4219,"Wireshark","GTK+ UI","1.3.x (Experimental)","2009-11-09 04:06:02"
4568,"Wireshark","GTK+ UI","1.3.x (Experimental)","2010-03-09 22:21:48"
4361,"Wireshark","Build process","1.3.x (Experimental)","2009-12-29 02:25:27"
4516,"Wireshark","GTK+ UI","1.3.x (Experimental)","2010-02-22 12:11:57"
4588,"Wireshark","GTK+ UI","1.3.x (Experimental)","2010-03-16 18:06:05"
4168,"Wireshark","GTK+ UI","1.3.x (Experimental)","2009-10-26 14:24:01"
3878,"Wireshark","GTK+ UI","1.3.x (Experimental)","2009-08-11 15:02:21"
4049,"Wireshark","GTK+ UI","1.3.x (Experimental)","2009-09-24 07:59:03"
4203,"Wireshark","GTK+ UI","1.3.x (Experimental)","2009-11-04 04:56:53"
4127,"Wireshark","GTK+ UI","1.3.x (Experimental)","2009-10-15 11:59:32"
5066,"Wireshark","GTK+ UI","1.3.x (Experimental)","2010-07-28 20:02:29"
3996,"Wireshark","GTK+ UI","1.3.x (Experimental)","2009-09-10 04:24:59"
4362,"Wireshark","GTK+ UI","1.3.x (Experimental)","2009-12-29 04:21:06"
4393,"Wireshark","Dissection engine (libwireshark)","1.3.x (Experimental)","2010-01-13 11:03:05"
4832,"Wireshark","GTK+ UI","1.3.x (Experimental)","2010-06-02 14:33:08"
3724,"Wireshark","Documentation","1.3.x (Experimental)","2009-07-13 12:59:48"
4539,"Wireshark","GTK+ UI","1.3.x (Experimental)","2010-02-26 11:04:26"
4192,"Wireshark","GTK+ UI","1.3.x (Experimental)","2009-11-02 02:10:16"
4543,"Wireshark","GTK+ UI","1.3.x (Experimental)","2010-02-28 05:40:28"
3900,"Wireshark","GTK+ UI","1.3.x (Experimental)","2009-08-14 13:20:55"
4636,"Wireshark","TShark","1.3.x (Experimental)","2010-04-01 02:11:34"
4193,"Wireshark","GTK+ UI","1.3.x (Experimental)","2009-11-02 05:12:47"
3749,"Wireshark","Dissection engine (libwireshark)","1.3.x (Experimental)","2009-07-16 22:25:36"
4099,"Wireshark","GTK+ UI","1.3.x (Experimental)","2009-10-06 19:00:39"
4556,"Wireshark","GTK+ UI","1.3.x (Experimental)","2010-03-04 16:13:54"
4912,"Wireshark","GTK+ UI","1.3.x (Experimental)","2010-06-24 06:21:19"
4204,"Wireshark","GTK+ UI","1.3.x (Experimental)","2009-11-04 10:41:33"
3759,"Wireshark","GTK+ UI","1.3.x (Experimental)","2009-07-20 00:10:36"
4559,"Wireshark","GTK+ UI","1.3.x (Experimental)","2010-03-05 06:48:13"
4455,"Wireshark","GTK+ UI","1.3.x (Experimental)","2010-02-03 05:36:27"
3765,"Wireshark","GTK+ UI","1.3.x (Experimental)","2009-07-21 21:33:14"
3920,"Wireshark","GTK+ UI","1.3.x (Experimental)","2009-08-19 17:44:23"
4806,"Wireshark","GTK+ UI","1.3.x (Experimental)","2010-05-29 03:25:21"
3770,"Wireshark","GTK+ UI","1.3.x (Experimental)","2009-07-23 06:56:37"
4813,"Wireshark","GTK+ UI","1.3.x (Experimental)","2010-05-30 17:43:36"
4463,"Wireshark","GTK+ UI","1.3.x (Experimental)","2010-02-04 12:15:50"
4357,"Wireshark","GTK+ UI","1.3.x (Experimental)","2009-12-26 23:50:56"
4130,"Wireshark","GTK+ UI","1.3.x (Experimental)","2009-10-15 16:36:35"
4575,"Wireshark","GTK+ UI","1.3.x (Experimental)","2010-03-12 13:44:49"
4131,"Wireshark","GTK+ UI","1.3.x (Experimental)","2009-10-15 17:11:04"
4360,"Wireshark","Extras","1.3.x (Experimental)","2009-12-29 02:15:05"
4136,"Wireshark","GTK+ UI","1.3.x (Experimental)","2009-10-17 09:24:37"
4031,"Wireshark","Extras","1.3.x (Experimental)","2009-09-19 03:18:49"
4736,"Wireshark","GTK+ UI","1.3.x (Experimental)","2010-05-03 07:23:07"
4830,"Wireshark","GTK+ UI","1.3.x (Experimental)","2010-06-02 14:05:35"
4246,"Wireshark","GTK+ UI","1.3.x (Experimental)","2009-11-17 06:11:16"
4033,"Wireshark","GTK+ UI","1.3.x (Experimental)","2009-09-20 09:11:31"
4745,"Wireshark","GTK+ UI","1.3.x (Experimental)","2010-05-04 13:32:34"
4831,"Wireshark","GTK+ UI","1.3.x (Experimental)","2010-06-02 14:23:10"
4608,"Wireshark","GTK+ UI","1.3.x (Experimental)","2010-03-22 11:15:07"
3515,"Wireshark","GTK+ UI","1.3.x (Experimental)","2009-06-08 04:39:24"
3899,"Wireshark","GTK+ UI","1.3.x (Experimental)","2009-08-14 02:53:36"
3903,"Wireshark","GTK+ UI","1.3.x (Experimental)","2009-08-17 07:25:28"
4115,"Wireshark","GTK+ UI","1.3.x (Experimental)","2009-10-11 14:14:26"
3642,"Wireshark","GTK+ UI","1.3.x (Experimental)","2009-07-01 10:46:59"
4177,"Wireshark","GTK+ UI","1.3.x (Experimental)","2009-10-29 05:51:47"
4771,"Wireshark","GTK+ UI","1.3.x (Experimental)","2010-05-19 05:56:22"
3516,"Wireshark","GTK+ UI","1.3.x (Experimental)","2009-06-08 07:06:07"
4692,"Wireshark","GTK+ UI","1.3.x (Experimental)","2010-04-17 12:53:31"
3527,"Wireshark","GTK+ UI","1.3.x (Experimental)","2009-06-11 05:49:41"
4461,"Wireshark","GTK+ UI","1.3.x (Experimental)","2010-02-03 16:53:45"
4260,"Wireshark","GTK+ UI","1.3.x (Experimental)","2009-11-24 02:38:39"
3897,"Wireshark","GTK+ UI","1.3.x (Experimental)","2009-08-13 11:49:46"
4051,"Wireshark","TShark","1.3.x (Experimental)","2009-09-25 02:48:03"
4839,"Wireshark","GTK+ UI","1.3.x (Experimental)","2010-06-03 15:56:10"
4265,"Wireshark","GTK+ UI","1.3.x (Experimental)","2009-11-25 09:08:55"
3904,"Wireshark","GTK+ UI","1.3.x (Experimental)","2009-08-17 07:30:22"
3906,"Wireshark","GTK+ UI","1.3.x (Experimental)","2009-08-17 10:40:59"
4109,"Wireshark","GTK+ UI","1.3.x (Experimental)","2009-10-09 11:35:20"
3914,"Wireshark","Dissection engine (libwireshark)","1.3.x (Experimental)","2009-08-18 10:32:29"
3939,"Wireshark","GTK+ UI","1.3.x (Experimental)","2009-08-25 15:18:35"
3794,"Wireshark","GTK+ UI","1.3.x (Experimental)","2009-07-30 13:01:15"
3940,"Wireshark","GTK+ UI","1.3.x (Experimental)","2009-08-25 15:43:55"
4472,"Wireshark","GTK+ UI","1.3.x (Experimental)","2010-02-09 00:47:30"
3860,"Wireshark","GTK+ UI","1.3.x (Experimental)","2009-08-10 15:34:49"
3862,"Wireshark","GTK+ UI","1.3.x (Experimental)","2009-08-10 16:43:34"
4028,"Wireshark","GTK+ UI","1.3.x (Experimental)","2009-09-18 04:11:59"
3677,"Wireshark","GTK+ UI","1.3.x (Experimental)","2009-07-07 03:23:53"
3876,"Wireshark","GTK+ UI","1.3.x (Experimental)","2009-08-11 14:03:37"
4750,"Wireshark","GTK+ UI","1.3.x (Experimental)","2010-05-06 05:47:49"
4264,"Wireshark","GTK+ UI","1.3.x (Experimental)","2009-11-25 07:11:07"
4216,"Wireshark","TShark","1.3.x (Experimental)","2009-11-08 02:10:06"
4234,"Wireshark","GTK+ UI","1.3.x (Experimental)","2009-11-10 11:33:29"
4356,"Wireshark","GTK+ UI","1.3.x (Experimental)","2009-12-26 14:14:09"
4697,"Wireshark","GTK+ UI","1.3.x (Experimental)","2010-04-19 09:43:49"
3730,"Wireshark","GTK+ UI","1.3.x (Experimental)","2009-07-14 03:47:03"
3485,"Wireshark","GTK+ UI","1.3.x (Experimental)","2009-05-22 13:47:35"
4114,"Wireshark","GTK+ UI","1.3.x (Experimental)","2009-10-11 10:40:49"
3711,"Wireshark","GTK+ UI","1.3.x (Experimental)","2009-07-12 21:08:25"
3551,"Wireshark","GTK+ UI","1.3.x (Experimental)","2009-06-19 07:08:55"