"Bug ID","Product","Component","Version","Opened"
5393,"Wireshark","GTK+ UI","1.5.x (Experimental)","2010-11-13 06:06:02"
5274,"Wireshark","GTK+ UI","1.5.x (Experimental)","2010-10-05 02:34:13"
5394,"Wireshark","GTK+ UI","1.5.x (Experimental)","2010-11-13 06:30:41"
5186,"Wireshark","GTK+ UI","1.5.x (Experimental)","2010-09-06 02:55:37"
5842,"Wireshark","GTK+ UI","1.5.x (Experimental)","2011-04-18 05:25:47"
5865,"Wireshark","GTK+ UI","1.5.x (Experimental)","2011-04-27 05:44:43"
5129,"Wireshark","GTK+ UI","1.5.x (Experimental)","2010-08-23 21:57:16"
5569,"Wireshark","GTK+ UI","1.5.x (Experimental)","2011-01-11 10:20:09"
5253,"Wireshark","GTK+ UI","1.5.x (Experimental)","2010-09-23 05:49:44"
4975,"Wireshark","GTK+ UI","1.5.x (Experimental)","2010-07-05 19:04:57"
5901,"Wireshark","GTK+ UI","1.5.x (Experimental)","2011-05-09 23:40:15"
5606,"Wireshark","GTK+ UI","1.5.x (Experimental)","2011-01-22 05:57:07"
5392,"Wireshark","GTK+ UI","1.5.x (Experimental)","2010-11-13 05:47:38"
4990,"Wireshark","GTK+ UI","1.5.x (Experimental)","2010-07-08 17:09:18"
5911,"Wireshark","GTK+ UI","1.5.x (Experimental)","2011-05-12 10:44:33"
5017,"Wireshark","GTK+ UI","1.5.x (Experimental)","2010-07-16 21:26:20"
5914,"Wireshark","GTK+ UI","1.5.x (Experimental)","2011-05-12 19:47:41"
5033,"Wireshark","GTK+ UI","1.5.x (Experimental)","2010-07-20 09:56:23"
5820,"Wireshark","GTK+ UI","1.5.x (Experimental)","2011-04-12 11:11:41"
5942,"Wireshark","GTK+ UI","1.5.x (Experimental)","2011-05-22 01:03:24"
5456,"Wireshark","GTK+ UI","1.5.x (Experimental)","2010-12-01 12:01:06"
5642,"Wireshark","GTK+ UI","1.5.x (Experimental)","2011-02-01 04:14:47"
5983,"Wireshark","GTK+ UI","1.5.x (Experimental)","2011-06-01 16:18:17"
5303,"Wireshark","GTK+ UI","1.5.x (Experimental)","2010-10-16 20:09:10"
5042,"Wireshark","GTK+ UI","1.5.x (Experimental)","2010-07-22 08:51:08"
6009,"Wireshark","GTK+ UI","1.5.x (Experimental)","2011-06-09 01:25:08"
5214,"Wireshark","TShark","1.5.x (Experimental)","2010-09-14 06:55:40"
5334,"Wireshark","GTK+ UI","1.5.x (Experimental)","2010-10-23 08:38:02"
5541,"Wireshark","GTK+ UI","1.5.x (Experimental)","2011-01-01 20:27:58"
5675,"Wireshark","GTK+ UI","1.5.x (Experimental)","2011-02-10 02:22:40"
5558,"Wireshark","GTK+ UI","1.5.x (Experimental)","2011-01-08 10:49:12"
4913,"Wireshark","GTK+ UI","1.5.x (Experimental)","2010-06-24 06:35:37"
5685,"Wireshark","GTK+ UI","1.5.x (Experimental)","2011-02-11 10:54:45"
5123,"Wireshark","GTK+ UI","1.5.x (Experimental)","2010-08-21 09:22:11"
5724,"Wireshark","GTK+ UI","1.5.x (Experimental)","2011-02-23 16:55:22"
4956,"Wireshark","GTK+ UI","1.5.x (Experimental)","2010-06-29 13:35:10"
5886,"Wireshark","GTK+ UI","1.5.x (Experimental)","2011-05-03 04:33:21"
5247,"Wireshark","GTK+ UI","1.5.x (Experimental)","2010-09-22 02:31:48"
4964,"Wireshark","TShark","1.5.x (Experimental)","2010-07-01 07:20:30"
5900,"Wireshark","GTK+ UI","1.5.x (Experimental)","2011-05-09 08:10:20"
5727,"Wireshark","GTK+ UI","1.5.x (Experimental)","2011-02-25 05:10:13"
5743,"Wireshark","TShark","1.5.x (Experimental)","2011-03-08 03:09:02"
5182,"Wireshark","GTK+ UI","1.5.x (Experimental)","2010-09-05 14:02:45"
5395,"Wireshark","GTK+ UI","1.5.x (Experimental)","2010-11-13 13:33:29"
5919,"Wireshark","GTK+ UI","1.5.x (Experimental)","2011-05-13 07:39:37"
5627,"Wireshark","GTK+ UI","1.5.x (Experimental)","2011-01-27 15:32:08"
5194,"Wireshark","GTK+ UI","1.5.x (Experimental)","2010-09-08 05:41:17"
5834,"Wireshark","GTK+ UI","1.5.x (Experimental)","2011-04-16 03:16:13"
5321,"Wireshark","GTK+ UI","1.5.x (Experimental)","2010-10-20 13:04:01"
5648,"Wireshark","GTK+ UI","1.5.x (Experimental)","2011-02-03 01:33:56"
4892,"Wireshark","GTK+ UI","1.5.x (Experimental)","2010-06-19 19:48:10"
5046,"Wireshark","GTK+ UI","1.5.x (Experimental)","2010-07-22 19:15:51"
5849,"Wireshark","GTK+ UI","1.5.x (Experimental)","2011-04-19 02:10:50"
5215,"Wireshark","GTK+ UI","1.5.x (Experimental)","2010-09-14 08:52:04"
4904,"Wireshark","GTK+ UI","1.5.x (Experimental)","2010-06-22 06:43:50"
5347,"Wireshark","GTK+ UI","1.5.x (Experimental)","2010-10-28 01:38:17"
5235,"Wireshark","TShark","1.5.x (Experimental)","2010-09-18 06:28:42"
5566,"Wireshark","GTK+ UI","1.5.x (Experimental)","2011-01-10 20:41:00"
4929,"Wireshark","GTK+ UI","1.5.x (Experimental)","2010-06-26 20:49:55"
5359,"Wireshark","GTK+ UI","1.5.x (Experimental)","2010-11-02 08:53:02"
5384,"Wireshark","GTK+ UI","1.5.x (Experimental)","2010-11-11 13:46:18"
5902,"Wireshark","GTK+ UI","1.5.x (Experimental)","2011-05-10 02:42:12"
5464,"Wireshark","GTK+ UI","1.5.x (Experimental)","2010-12-03 00:46:51"
4893,"Wireshark","GTK+ UI","1.5.x (Experimental)","2010-06-20 00:00:51"
5567,"Wireshark","GTK+ UI","1.5.x (Experimental)","2011-01-10 20:48:01"
5878,"Wireshark","TShark","1.5.x (Experimental)","2011-04-30 19:04:34"
5613,"Wireshark","GTK+ UI","1.5.x (Experimental)","2011-01-24 15:35:34"
5751,"Wireshark","GTK+ UI","1.5.x (Experimental)","2011-03-14 05:31:43"
5620,"Wireshark","GTK+ UI","1.5.x (Experimental)","2011-01-26 09:24:34"
5752,"Wireshark","GTK+ UI","1.5.x (Experimental)","2011-03-14 05:33:39"
5278,"Wireshark","GTK+ UI","1.5.x (Experimental)","2010-10-06 04:28:58"
5621,"Wireshark","GTK+ UI","1.5.x (Experimental)","2011-01-26 14:18:44"
5286,"Wireshark","GTK+ UI","1.5.x (Experimental)","2010-10-08 11:13:42"
5412,"Wireshark","GTK+ UI","1.5.x (Experimental)","2010-11-16 08:36:55"
4849,"Wireshark","GTK+ UI","1.5.x (Experimental)","2010-06-06 16:47:11"
5038,"Wireshark","GTK+ UI","1.5.x (Experimental)","2010-07-20 16:06:10"
5830,"Wireshark","GTK+ UI","1.5.x (Experimental)","2011-04-14 08:23:41"
5040,"Wireshark","GTK+ UI","1.5.x (Experimental)","2010-07-21 14:06:24"
4882,"Wireshark","GTK+ UI","1.5.x (Experimental)","2010-06-15 17:35:53"
5465,"Wireshark","GTK+ UI","1.5.x (Experimental)","2010-12-04 08:41:54"
5331,"Wireshark","GTK+ UI","1.5.x (Experimental)","2010-10-22 11:19:53"
5473,"Wireshark","GTK+ UI","1.5.x (Experimental)","2010-12-08 07:16:22"
5088,"Wireshark","GTK+ UI","1.5.x (Experimental)","2010-08-08 11:19:11"
5355,"Wireshark","GTK+ UI","1.5.x (Experimental)","2010-11-01 19:29:41"
5246,"Wireshark","GTK+ UI","1.5.x (Experimental)","2010-09-22 02:03:57"
5358,"Wireshark","GTK+ UI","1.5.x (Experimental)","2010-11-02 07:29:21"
5725,"Wireshark","GTK+ UI","1.5.x (Experimental)","2011-02-24 01:25:59"
5726,"Wireshark","GTK+ UI","1.5.x (Experimental)","2011-02-24 13:36:38"
5143,"Wireshark","GTK+ UI","1.5.x (Experimental)","2010-08-26 04:49:40"
5371,"Wireshark","GTK+ UI","1.5.x (Experimental)","2010-11-04 01:42:46"
5587,"Wireshark","GTK+ UI","1.5.x (Experimental)","2011-01-16 10:54:13"
5144,"Wireshark","GTK+ UI","1.5.x (Experimental)","2010-08-26 06:21:42"
5263,"Wireshark","GTK+ UI","1.5.x (Experimental)","2010-09-28 06:22:16"
5155,"Wireshark","GTK+ UI","1.5.x (Experimental)","2010-08-27 06:37:44"
5264,"Wireshark","GTK+ UI","1.5.x (Experimental)","2010-09-29 07:46:04"
5288,"Wireshark","GTK+ UI","1.5.x (Experimental)","2010-10-09 15:22:16"
5670,"Wireshark","TShark","1.5.x (Experimental)","2011-02-09 01:44:50"
5678,"Wireshark","GTK+ UI","1.5.x (Experimental)","2011-02-11 02:05:47"
5185,"Wireshark","GTK+ UI","1.5.x (Experimental)","2010-09-06 01:27:25"
5197,"Wireshark","GTK+ UI","1.5.x (Experimental)","2010-09-09 15:40:49"
5209,"Wireshark","GTK+ UI","1.5.x (Experimental)","2010-09-13 13:32:14"
5111,"Wireshark","GTK+ UI","1.5.x (Experimental)","2010-08-13 09:07:49"
4915,"Wireshark","TShark","1.5.x (Experimental)","2010-06-24 16:00:15"
5869,"Wireshark","GTK+ UI","1.5.x (Experimental)","2011-04-28 11:36:40"
5237,"Wireshark","GTK+ UI","1.5.x (Experimental)","2010-09-18 14:28:21"
5356,"Wireshark","GTK+ UI","1.5.x (Experimental)","2010-11-01 20:06:21"
5132,"Wireshark","GTK+ UI","1.5.x (Experimental)","2010-08-24 06:55:08"
5580,"Wireshark","GTK+ UI","1.5.x (Experimental)","2011-01-12 19:59:28"
4985,"Wireshark","GTK+ UI","1.5.x (Experimental)","2010-07-06 20:11:34"
5645,"Wireshark","GTK+ UI","1.5.x (Experimental)","2011-02-01 15:04:22"
4874,"Wireshark","GTK+ UI","1.5.x (Experimental)","2010-06-12 12:13:22"
5223,"Wireshark","TShark","1.5.x (Experimental)","2010-09-16 08:13:21"
5115,"Wireshark","GTK+ UI","1.5.x (Experimental)","2010-08-16 09:34:19"
5809,"Wireshark","GTK+ UI","1.5.x (Experimental)","2011-04-06 18:40:45"
5863,"Wireshark","GTK+ UI","1.5.x (Experimental)","2011-04-26 17:03:57"