"Bug ID","Product","Component","Version","Opened"
6007,"Wireshark","Build process","1.7.x (Experimental)","2011-06-08 00:00:57"
6430,"Wireshark","GTK+ UI","1.7.x (Experimental)","2011-10-04 20:57:37"
6889,"Wireshark","GTK+ UI","1.7.x (Experimental)","2012-02-29 13:10:18"
7189,"Wireshark","GTK+ UI","1.7.x (Experimental)","2012-04-24 03:51:18"
7191,"Wireshark","Extras","1.7.x (Experimental)","2012-04-24 06:54:20"
6906,"Wireshark","GTK+ UI","1.7.x (Experimental)","2012-03-03 22:26:29"
6180,"Wireshark","GTK+ UI","1.7.x (Experimental)","2011-07-29 04:26:50"
6356,"Wireshark","GTK+ UI","1.7.x (Experimental)","2011-09-19 02:38:33"
6937,"Wireshark","TShark","1.7.x (Experimental)","2012-03-11 11:49:12"
6819,"Wireshark","GTK+ UI","1.7.x (Experimental)","2012-02-09 09:45:24"
6577,"Wireshark","Dissection engine (libwireshark)","1.7.x (Experimental)","2011-11-13 22:39:19"
6684,"Wireshark","TShark","1.7.x (Experimental)","2011-12-15 13:36:02"
7066,"Wireshark","GTK+ UI","1.7.x (Experimental)","2012-04-11 01:15:48"
5971,"Wireshark","GTK+ UI","1.7.x (Experimental)","2011-05-29 17:14:18"
6600,"Wireshark","GTK+ UI","1.7.x (Experimental)","2011-11-21 00:08:11"
6855,"Wireshark","TShark","1.7.x (Experimental)","2012-02-21 17:12:55"
6112,"Wireshark","Dissection engine (libwireshark)","1.7.x (Experimental)","2011-07-11 20:46:25"
6718,"Wireshark","TShark","1.7.x (Experimental)","2012-01-09 13:14:40"
6025,"Wireshark","TShark","1.7.x (Experimental)","2011-06-15 15:02:07"
6116,"Wireshark","GTK+ UI","1.7.x (Experimental)","2011-07-13 18:18:17"
6719,"Wireshark","GTK+ UI","1.7.x (Experimental)","2012-01-09 23:37:52"
7311,"Wireshark","GTK+ UI","1.7.x (Experimental)","2012-05-31 13:12:19"
6725,"Wireshark","GTK+ UI","1.7.x (Experimental)","2012-01-10 18:42:26"
6041,"Wireshark","GTK+ UI","1.7.x (Experimental)","2011-06-20 02:31:33"
6429,"Wireshark","GTK+ UI","1.7.x (Experimental)","2011-10-03 18:28:15"
7521,"Wireshark","Dissection engine (libwireshark)","1.7.x (Experimental)","2012-07-23 13:30:40"
6060,"Wireshark","GTK+ UI","1.7.x (Experimental)","2011-06-26 23:18:23"
6621,"Wireshark","GTK+ UI","1.7.x (Experimental)","2011-11-28 09:39:46"
6751,"Wireshark","GTK+ UI","1.7.x (Experimental)","2012-01-19 08:58:03"
6893,"Wireshark","GTK+ UI","1.7.x (Experimental)","2012-03-01 14:06:23"
6154,"Wireshark","GTK+ UI","1.7.x (Experimental)","2011-07-22 06:03:17"
6627,"Wireshark","GTK+ UI","1.7.x (Experimental)","2011-11-29 08:22:26"
6062,"Wireshark","GTK+ UI","1.7.x (Experimental)","2011-06-27 00:47:29"
6475,"Wireshark","GTK+ UI","1.7.x (Experimental)","2011-10-20 10:48:03"
6633,"Wireshark","GTK+ UI","1.7.x (Experimental)","2011-11-30 08:38:09"
6063,"Wireshark","GTK+ UI","1.7.x (Experimental)","2011-06-27 00:54:55"
6528,"Wireshark","GTK+ UI","1.7.x (Experimental)","2011-10-31 08:26:01"
5939,"Wireshark","GTK+ UI","1.7.x (Experimental)","2011-05-20 14:49:09"
6935,"Wireshark","GTK+ UI","1.7.x (Experimental)","2012-03-10 17:51:14"
6786,"Wireshark","GTK+ UI","1.7.x (Experimental)","2012-02-03 07:39:30"
6364,"Wireshark","GTK+ UI","1.7.x (Experimental)","2011-09-20 05:56:28"
6543,"Wireshark","GTK+ UI","1.7.x (Experimental)","2011-11-05 07:08:44"
5946,"Wireshark","GTK+ UI","1.7.x (Experimental)","2011-05-23 07:21:35"
7037,"Wireshark","GTK+ UI","1.7.x (Experimental)","2012-04-05 10:30:29"
6672,"Wireshark","GTK+ UI","1.7.x (Experimental)","2011-12-13 23:42:04"
5949,"Wireshark","GTK+ UI","1.7.x (Experimental)","2011-05-23 13:47:03"
6939,"Wireshark","GTK+ UI","1.7.x (Experimental)","2012-03-12 02:07:29"
7048,"Wireshark","GTK+ UI","1.7.x (Experimental)","2012-04-09 05:50:31"
6950,"Wireshark","GTK+ UI","1.7.x (Experimental)","2012-03-14 08:17:14"
6101,"Wireshark","GTK+ UI","1.7.x (Experimental)","2011-07-07 00:15:48"
6955,"Wireshark","GTK+ UI","1.7.x (Experimental)","2012-03-15 09:16:13"
7258,"Wireshark","GTK+ UI","1.7.x (Experimental)","2012-05-14 08:15:23"
6972,"Wireshark","GTK+ UI","1.7.x (Experimental)","2012-03-20 12:11:04"
7115,"Wireshark","GTK+ UI","1.7.x (Experimental)","2012-04-16 09:04:41"
6974,"Wireshark","GTK+ UI","1.7.x (Experimental)","2012-03-20 17:42:42"
7278,"Wireshark","GTK+ UI","1.7.x (Experimental)","2012-05-23 01:49:21"
6400,"Wireshark","GTK+ UI","1.7.x (Experimental)","2011-09-28 01:59:53"
6722,"Wireshark","GTK+ UI","1.7.x (Experimental)","2012-01-10 03:43:25"
6883,"Wireshark","TShark","1.7.x (Experimental)","2012-02-28 15:59:17"
7008,"Wireshark","GTK+ UI","1.7.x (Experimental)","2012-03-29 01:16:26"
7327,"Wireshark","GTK+ UI","1.7.x (Experimental)","2012-06-04 08:25:40"
6887,"Wireshark","GTK+ UI","1.7.x (Experimental)","2012-02-29 12:56:23"
7012,"Wireshark","Dissection engine (libwireshark)","1.7.x (Experimental)","2012-03-30 07:48:04"
6299,"Wireshark","GTK+ UI","1.7.x (Experimental)","2011-08-31 06:01:56"
7185,"Wireshark","GTK+ UI","1.7.x (Experimental)","2012-04-23 19:11:06"
7013,"Wireshark","Dissection engine (libwireshark)","1.7.x (Experimental)","2012-03-30 07:59:52"
7016,"Wireshark","Dissection engine (libwireshark)","1.7.x (Experimental)","2012-04-01 02:03:58"
6453,"Wireshark","GTK+ UI","1.7.x (Experimental)","2011-10-12 10:42:33"
6767,"Wireshark","GTK+ UI","1.7.x (Experimental)","2012-01-25 10:48:04"
7205,"Wireshark","GTK+ UI","1.7.x (Experimental)","2012-04-26 19:59:48"
6773,"Wireshark","TShark","1.7.x (Experimental)","2012-01-26 07:09:56"
7020,"Wireshark","GTK+ UI","1.7.x (Experimental)","2012-04-02 01:14:59"
6654,"Wireshark","GTK+ UI","1.7.x (Experimental)","2011-12-07 11:03:48"
6368,"Wireshark","GTK+ UI","1.7.x (Experimental)","2011-09-21 04:00:18"
6834,"Wireshark","GTK+ UI","1.7.x (Experimental)","2012-02-11 20:55:27"
6578,"Wireshark","GTK+ UI","1.7.x (Experimental)","2011-11-14 03:44:12"
6847,"Wireshark","GTK+ UI","1.7.x (Experimental)","2012-02-15 20:28:47"
6228,"Wireshark","GTK+ UI","1.7.x (Experimental)","2011-08-09 18:32:18"
6852,"Wireshark","GTK+ UI","1.7.x (Experimental)","2012-02-20 07:36:05"
6269,"Wireshark","GTK+ UI","1.7.x (Experimental)","2011-08-27 01:37:22"
6298,"Wireshark","GTK+ UI","1.7.x (Experimental)","2011-08-31 05:43:33"
7019,"Wireshark","GTK+ UI","1.7.x (Experimental)","2012-04-01 13:32:24"
6597,"Wireshark","GTK+ UI","1.7.x (Experimental)","2011-11-18 10:35:44"
7134,"Wireshark","TShark","1.7.x (Experimental)","2012-04-17 20:57:08"
6616,"Wireshark","GTK+ UI","1.7.x (Experimental)","2011-11-24 10:25:39"
6746,"Wireshark","GTK+ UI","1.7.x (Experimental)","2012-01-17 15:33:10"
6145,"Wireshark","GTK+ UI","1.7.x (Experimental)","2011-07-21 04:18:10"
6317,"Wireshark","GTK+ UI","1.7.x (Experimental)","2011-09-08 02:00:46"
7186,"Wireshark","GTK+ UI","1.7.x (Experimental)","2012-04-23 19:23:25"
6450,"Wireshark","GTK+ UI","1.7.x (Experimental)","2011-10-10 17:54:43"
6320,"Wireshark","GTK+ UI","1.7.x (Experimental)","2011-09-08 05:54:39"
6759,"Wireshark","GTK+ UI","1.7.x (Experimental)","2012-01-24 01:14:59"
6904,"Wireshark","GTK+ UI","1.7.x (Experimental)","2012-03-03 06:38:32"
6175,"Wireshark","GTK+ UI","1.7.x (Experimental)","2011-07-28 05:52:00"
7017,"Wireshark","GTK+ UI","1.7.x (Experimental)","2012-04-01 05:36:35"
6346,"Wireshark","Dissection engine (libwireshark)","1.7.x (Experimental)","2011-09-15 09:56:39"
5841,"Wireshark","GTK+ UI","1.7.x (Experimental)","2011-04-18 03:56:35"
6653,"Wireshark","GTK+ UI","1.7.x (Experimental)","2011-12-07 05:44:01"
6194,"Wireshark","GTK+ UI","1.7.x (Experimental)","2011-08-02 22:07:14"
6361,"Wireshark","GTK+ UI","1.7.x (Experimental)","2011-09-19 18:03:28"
7227,"Wireshark","Dissection engine (libwireshark)","1.7.x (Experimental)","2012-05-06 06:50:04"
6542,"Wireshark","GTK+ UI","1.7.x (Experimental)","2011-11-05 07:06:21"
5945,"Wireshark","GTK+ UI","1.7.x (Experimental)","2011-05-22 19:56:59"
7034,"Wireshark","GTK+ UI","1.7.x (Experimental)","2012-04-04 22:57:50"
6656,"Wireshark","GTK+ UI","1.7.x (Experimental)","2011-12-08 07:58:11"
6938,"Wireshark","GTK+ UI","1.7.x (Experimental)","2012-03-11 21:53:31"
6370,"Wireshark","GTK+ UI","1.7.x (Experimental)","2011-09-21 14:17:11"
5957,"Wireshark","GTK+ UI","1.7.x (Experimental)","2011-05-26 03:54:14"
6209,"Wireshark","GTK+ UI","1.7.x (Experimental)","2011-08-05 22:05:45"
6379,"Wireshark","GTK+ UI","1.7.x (Experimental)","2011-09-22 23:32:14"
6688,"Wireshark","GTK+ UI","1.7.x (Experimental)","2011-12-19 01:44:49"
6851,"Wireshark","GTK+ UI","1.7.x (Experimental)","2012-02-18 23:18:22"
6388,"Wireshark","GTK+ UI","1.7.x (Experimental)","2011-09-24 21:04:42"
6693,"Wireshark","GTK+ UI","1.7.x (Experimental)","2011-12-21 16:11:27"
6103,"Wireshark","GTK+ UI","1.7.x (Experimental)","2011-07-07 05:08:11"
6389,"Wireshark","GTK+ UI","1.7.x (Experimental)","2011-09-24 21:13:04"
7263,"Wireshark","GTK+ UI","1.7.x (Experimental)","2012-05-16 04:52:58"
6698,"Wireshark","GTK+ UI","1.7.x (Experimental)","2011-12-28 14:59:32"
6390,"Wireshark","GTK+ UI","1.7.x (Experimental)","2011-09-24 21:24:33"
6862,"Wireshark","GTK+ UI","1.7.x (Experimental)","2012-02-23 05:16:59"
7001,"Wireshark","GTK+ UI","1.7.x (Experimental)","2012-03-26 17:55:53"
6394,"Wireshark","GTK+ UI","1.7.x (Experimental)","2011-09-26 01:12:00"
7286,"Wireshark","GTK+ UI","1.7.x (Experimental)","2012-05-25 04:42:21"
6608,"Wireshark","GTK+ UI","1.7.x (Experimental)","2011-11-22 07:09:55"
6026,"Wireshark","GTK+ UI","1.7.x (Experimental)","2011-06-15 16:17:15"
6877,"Wireshark","GTK+ UI","1.7.x (Experimental)","2012-02-27 19:50:57"
7002,"Wireshark","GTK+ UI","1.7.x (Experimental)","2012-03-26 21:26:05"
6609,"Wireshark","GTK+ UI","1.7.x (Experimental)","2011-11-22 07:15:00"
6038,"Wireshark","GTK+ UI","1.7.x (Experimental)","2011-06-20 00:06:40"
6428,"Wireshark","GTK+ UI","1.7.x (Experimental)","2011-10-03 18:11:23"
6085,"Wireshark","GTK+ UI","1.7.x (Experimental)","2011-07-01 21:39:48"
7239,"Wireshark","GTK+ UI","1.7.x (Experimental)","2012-05-09 04:29:25"
6016,"Wireshark","GTK+ UI","1.7.x (Experimental)","2011-06-11 15:32:45"
7135,"Wireshark","GTK+ UI","1.7.x (Experimental)","2012-04-18 00:02:58"
6125,"Wireshark","GTK+ UI","1.7.x (Experimental)","2011-07-14 19:33:57"
6278,"Wireshark","GTK+ UI","1.7.x (Experimental)","2011-08-29 04:10:53"
7178,"Wireshark","GTK+ UI","1.7.x (Experimental)","2012-04-22 02:06:41"
6140,"Wireshark","GTK+ UI","1.7.x (Experimental)","2011-07-19 18:44:04"
6061,"Wireshark","GTK+ UI","1.7.x (Experimental)","2011-06-27 00:34:11"
7195,"Wireshark","GTK+ UI","1.7.x (Experimental)","2012-04-25 13:21:36"
6097,"Wireshark","GTK+ UI","1.7.x (Experimental)","2011-07-05 08:27:05"
6195,"Wireshark","GTK+ UI","1.7.x (Experimental)","2011-08-02 22:50:30"
7234,"Wireshark","GTK+ UI","1.7.x (Experimental)","2012-05-07 14:00:06"
6198,"Wireshark","GTK+ UI","1.7.x (Experimental)","2011-08-03 18:56:32"
6099,"Wireshark","GTK+ UI","1.7.x (Experimental)","2011-07-06 19:45:33"
6208,"Wireshark","GTK+ UI","1.7.x (Experimental)","2011-08-05 19:51:47"
7242,"Wireshark","GTK+ UI","1.7.x (Experimental)","2012-05-09 12:39:58"
6100,"Wireshark","GTK+ UI","1.7.x (Experimental)","2011-07-06 20:34:13"
7248,"Wireshark","GTK+ UI","1.7.x (Experimental)","2012-05-11 10:18:41"
6268,"Wireshark","GTK+ UI","1.7.x (Experimental)","2011-08-27 01:13:30"
6274,"Wireshark","GTK+ UI","1.7.x (Experimental)","2011-08-28 17:36:54"
6605,"Wireshark","GTK+ UI","1.7.x (Experimental)","2011-11-22 01:49:28"
6607,"Wireshark","GTK+ UI","1.7.x (Experimental)","2011-11-22 07:06:16"
7149,"Wireshark","GTK+ UI","1.7.x (Experimental)","2012-04-19 06:46:58"
6127,"Wireshark","GTK+ UI","1.7.x (Experimental)","2011-07-15 08:45:17"
6610,"Wireshark","GTK+ UI","1.7.x (Experimental)","2011-11-22 10:13:01"
7112,"Wireshark","GTK+ UI","1.7.x (Experimental)","2012-04-16 06:43:49"
6098,"Wireshark","GTK+ UI","1.7.x (Experimental)","2011-07-06 04:24:51"