"Bug ID","Product","Component","Version","Opened"
7854,"Wireshark","GTK+ UI","1.9.x (Experimental)","2012-10-12 07:08:29"
7467,"Wireshark","Capture file support (libwiretap)","1.9.x (Experimental)","2012-07-10 20:07:16"
8709,"Wireshark","GTK+ UI","1.9.x (Experimental)","2013-05-22 21:05:33"
8329,"Wireshark","GTK+ UI","1.9.x (Experimental)","2013-02-13 13:33:49"
7351,"Wireshark","GTK+ UI","1.9.x (Experimental)","2012-06-10 07:02:44"
7363,"Wireshark","GTK+ UI","1.9.x (Experimental)","2012-06-12 21:31:51"
7716,"Wireshark","GTK+ UI","1.9.x (Experimental)","2012-09-12 00:41:54"
7364,"Wireshark","GTK+ UI","1.9.x (Experimental)","2012-06-12 21:54:28"
9116,"Wireshark","Documentation","1.9.x (Experimental)","2013-09-06 10:19:48"
7722,"Wireshark","GTK+ UI","1.9.x (Experimental)","2012-09-12 09:53:37"
8561,"Wireshark","Dissection engine (libwireshark)","1.9.x (Experimental)","2013-04-04 07:34:15"
7518,"Wireshark","Dissection engine (libwireshark)","1.9.x (Experimental)","2012-07-23 01:43:23"
10879,"Wireshark","TShark","1.9.x (Experimental)","2015-01-22 09:54:10"
8392,"Wireshark","GTK+ UI","1.9.x (Experimental)","2013-02-24 21:00:58"
7380,"Wireshark","GTK+ UI","1.9.x (Experimental)","2012-06-19 01:41:12"
8574,"Wireshark","Extras","1.9.x (Experimental)","2013-04-09 23:35:55"
11502,"Wireshark","Qt UI","1.9.x (Experimental)","2015-09-04 05:08:16"
7747,"Wireshark","Extras","1.9.x (Experimental)","2012-09-22 23:49:35"
8592,"Wireshark","GTK+ UI","1.9.x (Experimental)","2013-04-17 13:46:57"
7544,"Wireshark","Dissection engine (libwireshark)","1.9.x (Experimental)","2012-07-30 06:15:50"
8176,"Wireshark","GTK+ UI","1.9.x (Experimental)","2013-01-08 12:51:12"
7559,"Wireshark","GTK+ UI","1.9.x (Experimental)","2012-08-03 02:39:31"
7428,"Wireshark","GTK+ UI","1.9.x (Experimental)","2012-07-01 17:51:17"
8604,"Wireshark","GTK+ UI","1.9.x (Experimental)","2013-04-22 21:15:24"
7771,"Wireshark","GTK+ UI","1.9.x (Experimental)","2012-09-29 17:26:16"
8494,"Wireshark","GTK+ UI","1.9.x (Experimental)","2013-03-18 08:40:10"
8606,"Wireshark","Dissection engine (libwireshark)","1.9.x (Experimental)","2013-04-23 11:47:56"
7645,"Wireshark","GTK+ UI","1.9.x (Experimental)","2012-08-16 06:37:12"
8299,"Wireshark","GTK+ UI","1.9.x (Experimental)","2013-02-04 20:57:36"
8510,"Wireshark","TShark","1.9.x (Experimental)","2013-03-21 06:53:56"
7446,"Wireshark","GTK+ UI","1.9.x (Experimental)","2012-07-06 21:01:54"
8608,"Wireshark","Dissection engine (libwireshark)","1.9.x (Experimental)","2013-04-24 03:37:02"
8300,"Wireshark","Extras","1.9.x (Experimental)","2013-02-06 04:30:35"
8525,"Wireshark","GTK+ UI","1.9.x (Experimental)","2013-03-25 18:06:56"
7458,"Wireshark","GTK+ UI","1.9.x (Experimental)","2012-07-08 20:51:41"
8317,"Wireshark","GTK+ UI","1.9.x (Experimental)","2013-02-11 12:39:54"
8527,"Wireshark","GTK+ UI","1.9.x (Experimental)","2013-03-26 08:16:37"
7459,"Wireshark","GTK+ UI","1.9.x (Experimental)","2012-07-09 13:19:51"
8531,"Wireshark","GTK+ UI","1.9.x (Experimental)","2013-03-27 04:41:54"
7462,"Wireshark","Dissection engine (libwireshark)","1.9.x (Experimental)","2012-07-10 05:07:01"
7685,"Wireshark","TShark","1.9.x (Experimental)","2012-09-01 12:00:27"
8333,"Wireshark","Dissection engine (libwireshark)","1.9.x (Experimental)","2013-02-14 11:11:18"
7465,"Wireshark","GTK+ UI","1.9.x (Experimental)","2012-07-10 11:38:43"
8552,"Wireshark","GTK+ UI","1.9.x (Experimental)","2013-04-02 15:09:40"
7488,"Wireshark","Dissection engine (libwireshark)","1.9.x (Experimental)","2012-07-16 18:19:55"
8356,"Wireshark","Dissection engine (libwireshark)","1.9.x (Experimental)","2013-02-19 13:59:04"
7502,"Wireshark","GTK+ UI","1.9.x (Experimental)","2012-07-19 02:31:40"
8092,"Wireshark","GTK+ UI","1.9.x (Experimental)","2012-12-14 14:10:58"
7377,"Wireshark","GTK+ UI","1.9.x (Experimental)","2012-06-17 03:37:07"
7537,"Wireshark","GTK+ UI","1.9.x (Experimental)","2012-07-27 09:34:51"
7425,"Wireshark","GTK+ UI","1.9.x (Experimental)","2012-06-29 19:18:55"
8601,"Wireshark","GTK+ UI","1.9.x (Experimental)","2013-04-21 15:02:34"
8265,"Wireshark","GTK+ UI","1.9.x (Experimental)","2013-01-27 18:43:13"
7608,"Wireshark","GTK+ UI","1.9.x (Experimental)","2012-08-08 21:27:34"
8488,"Wireshark","Dissection engine (libwireshark)","1.9.x (Experimental)","2013-03-16 11:41:09"
7434,"Wireshark","GTK+ UI","1.9.x (Experimental)","2012-07-03 22:30:54"
8605,"Wireshark","GTK+ UI","1.9.x (Experimental)","2013-04-23 11:16:26"
8273,"Wireshark","GTK+ UI","1.9.x (Experimental)","2013-01-29 21:57:37"
7670,"Wireshark","Dissection engine (libwireshark)","1.9.x (Experimental)","2012-08-27 20:36:45"
8016,"Wireshark","GTK+ UI","1.9.x (Experimental)","2012-11-23 21:54:40"
7863,"Wireshark","Extras","1.9.x (Experimental)","2012-10-14 22:13:38"
8017,"Wireshark","GTK+ UI","1.9.x (Experimental)","2012-11-24 22:30:51"
8018,"Wireshark","GTK+ UI","1.9.x (Experimental)","2012-11-25 20:49:31"
8344,"Wireshark","GTK+ UI","1.9.x (Experimental)","2013-02-16 13:22:52"
7912,"Wireshark","Dissection engine (libwireshark)","1.9.x (Experimental)","2012-10-25 13:12:34"
8345,"Wireshark","GTK+ UI","1.9.x (Experimental)","2013-02-16 16:38:17"
8557,"Wireshark","GTK+ UI","1.9.x (Experimental)","2013-04-04 00:01:12"
8357,"Wireshark","GTK+ UI","1.9.x (Experimental)","2013-02-19 14:40:19"
7368,"Wireshark","GTK+ UI","1.9.x (Experimental)","2012-06-13 20:02:20"
8100,"Wireshark","GTK+ UI","1.9.x (Experimental)","2012-12-17 08:54:06"
7954,"Wireshark","GTK+ UI","1.9.x (Experimental)","2012-11-03 09:47:06"
8170,"Wireshark","Dissection engine (libwireshark)","1.9.x (Experimental)","2013-01-07 12:12:05"
7966,"Wireshark","GTK+ UI","1.9.x (Experimental)","2012-11-10 13:11:59"
7442,"Wireshark","GTK+ UI","1.9.x (Experimental)","2012-07-05 20:10:41"
7852,"Wireshark","Documentation","1.9.x (Experimental)","2012-10-11 22:57:58"
9038,"Wireshark","Dissection engine (libwireshark)","1.9.x (Experimental)","2013-08-13 07:47:27"
7914,"Wireshark","Build process","1.9.x (Experimental)","2012-10-26 07:34:02"
7727,"Wireshark","Dissection engine (libwireshark)","1.9.x (Experimental)","2012-09-13 19:04:05"
8368,"Wireshark","Dissection engine (libwireshark)","1.9.x (Experimental)","2013-02-21 05:46:49"
7746,"Wireshark","Extras","1.9.x (Experimental)","2012-09-22 23:30:25"
8450,"Wireshark","Dissection engine (libwireshark)","1.9.x (Experimental)","2013-03-08 04:54:03"
7769,"Wireshark","Dissection engine (libwireshark)","1.9.x (Experimental)","2012-09-29 01:25:47"
7972,"Wireshark","GTK+ UI","1.9.x (Experimental)","2012-11-13 19:54:16"
7665,"Wireshark","GTK+ UI","1.9.x (Experimental)","2012-08-26 10:14:56"
7974,"Wireshark","GTK+ UI","1.9.x (Experimental)","2012-11-14 07:14:52"
8695,"Wireshark","Dissection engine (libwireshark)","1.9.x (Experimental)","2013-05-17 13:51:54"
7345,"Wireshark","Dissection engine (libwireshark)","1.9.x (Experimental)","2012-06-07 21:07:36"
9001,"Wireshark","Dissection engine (libwireshark)","1.9.x (Experimental)","2013-08-01 10:06:14"
7865,"Wireshark","Dissection engine (libwireshark)","1.9.x (Experimental)","2012-10-15 15:02:53"
9016,"Wireshark","Dissection engine (libwireshark)","1.9.x (Experimental)","2013-08-05 09:58:21"
8019,"Wireshark","GTK+ UI","1.9.x (Experimental)","2012-11-26 08:32:45"
8081,"Wireshark","GTK+ UI","1.9.x (Experimental)","2012-12-11 13:54:28"
7367,"Wireshark","GTK+ UI","1.9.x (Experimental)","2012-06-13 19:32:45"
9180,"Wireshark","Dissection engine (libwireshark)","1.9.x (Experimental)","2013-09-24 20:27:42"
7936,"Wireshark","Dissection engine (libwireshark)","1.9.x (Experimental)","2012-10-30 02:43:06"
8089,"Wireshark","Dissection engine (libwireshark)","1.9.x (Experimental)","2012-12-13 15:29:46"
8563,"Wireshark","Capture file support (libwiretap)","1.9.x (Experimental)","2013-04-05 03:43:41"
9195,"Wireshark","Dissection engine (libwireshark)","1.9.x (Experimental)","2013-09-26 21:33:08"
7745,"Wireshark","Extras","1.9.x (Experimental)","2012-09-22 23:21:23"
7942,"Wireshark","GTK+ UI","1.9.x (Experimental)","2012-10-31 08:30:59"
8569,"Wireshark","Dissection engine (libwireshark)","1.9.x (Experimental)","2013-04-08 04:25:34"
7947,"Wireshark","GTK+ UI","1.9.x (Experimental)","2012-11-01 08:14:00"
8393,"Wireshark","Documentation","1.9.x (Experimental)","2013-02-24 21:52:07"
7389,"Wireshark","GTK+ UI","1.9.x (Experimental)","2012-06-21 06:47:06"
7761,"Wireshark","GTK+ UI","1.9.x (Experimental)","2012-09-26 19:53:15"
7956,"Wireshark","GTK+ UI","1.9.x (Experimental)","2012-11-05 04:56:57"
8408,"Wireshark","Dissection engine (libwireshark)","1.9.x (Experimental)","2013-02-27 07:31:17"
7766,"Wireshark","GTK+ UI","1.9.x (Experimental)","2012-09-28 11:04:22"
7962,"Wireshark","Dissection engine (libwireshark)","1.9.x (Experimental)","2012-11-07 02:50:48"
7965,"Wireshark","GTK+ UI","1.9.x (Experimental)","2012-11-09 05:22:33"
7969,"Wireshark","GTK+ UI","1.9.x (Experimental)","2012-11-12 11:33:18"
7636,"Wireshark","GTK+ UI","1.9.x (Experimental)","2012-08-15 03:51:19"
8549,"Wireshark","GTK+ UI","1.9.x (Experimental)","2013-04-01 17:13:05"
7688,"Wireshark","GTK+ UI","1.9.x (Experimental)","2012-09-02 16:37:05"
7519,"Wireshark","GTK+ UI","1.9.x (Experimental)","2012-07-23 08:27:19"
7683,"Wireshark","Dissection engine (libwireshark)","1.9.x (Experimental)","2012-08-31 08:59:08"
8077,"Wireshark","Dissection engine (libwireshark)","1.9.x (Experimental)","2012-12-10 03:46:50"
7821,"Wireshark","Dissection engine (libwireshark)","1.9.x (Experimental)","2012-10-09 08:27:34"
7870,"Wireshark","Build process","1.9.x (Experimental)","2012-10-16 19:15:32"
8266,"Wireshark","GTK+ UI","1.9.x (Experimental)","2013-01-27 18:44:55"