"Bug ID","Product","Component","Version","Opened"
3436,"Wireshark","GTK+ UI","1.1.x (Experimental)","2009-04-24 06:59:55"
4428,"Wireshark","GTK+ UI","1.1.x (Experimental)","2010-01-27 17:08:27"
3503,"Wireshark","GTK+ UI","1.1.x (Experimental)","2009-06-01 04:52:13"
3099,"Wireshark","GTK+ UI","1.1.x (Experimental)","2008-12-08 09:11:33"
3747,"Wireshark","GTK+ UI","1.1.x (Experimental)","2009-07-16 14:07:29"
3258,"Wireshark","GTK+ UI","1.1.x (Experimental)","2009-02-16 04:08:12"
1677,"Wireshark","GTK+ UI","1.1.x (Experimental)","2007-07-10 11:58:20"
2973,"Wireshark","GTK+ UI","1.1.x (Experimental)","2008-10-17 02:47:26"
3267,"Wireshark","GTK+ UI","1.1.x (Experimental)","2009-02-18 14:57:04"
2991,"Wireshark","GTK+ UI","1.1.x (Experimental)","2008-10-23 00:39:58"
3152,"Wireshark","GTK+ UI","1.1.x (Experimental)","2008-12-21 20:29:52"
2878,"Wireshark","GTK+ UI","1.1.x (Experimental)","2008-09-16 03:35:05"
3314,"Wireshark","GTK+ UI","1.1.x (Experimental)","2009-03-08 04:50:45"
3004,"Wireshark","GTK+ UI","1.1.x (Experimental)","2008-10-27 23:35:07"
3005,"Wireshark","GTK+ UI","1.1.x (Experimental)","2008-10-28 00:06:32"
3333,"Wireshark","GTK+ UI","1.1.x (Experimental)","2009-03-14 21:03:14"
2943,"Wireshark","GTK+ UI","1.1.x (Experimental)","2008-10-06 06:23:49"
3093,"Wireshark","TShark","1.1.x (Experimental)","2008-12-02 06:33:57"
3510,"Wireshark","GTK+ UI","1.1.x (Experimental)","2009-06-04 12:11:51"
3102,"Wireshark","Dissection engine (libwireshark)","1.1.x (Experimental)","2008-12-08 22:34:49"
3105,"Wireshark","GTK+ UI","1.1.x (Experimental)","2008-12-09 05:36:24"
2875,"Wireshark","GTK+ UI","1.1.x (Experimental)","2008-09-15 06:20:34"
3463,"Wireshark","GTK+ UI","1.1.x (Experimental)","2009-05-14 12:09:07"
3471,"Wireshark","GTK+ UI","1.1.x (Experimental)","2009-05-19 05:49:30"
2927,"Wireshark","GTK+ UI","1.1.x (Experimental)","2008-10-01 09:00:24"
2942,"Wireshark","GTK+ UI","1.1.x (Experimental)","2008-10-06 00:13:52"
3050,"Wireshark","GTK+ UI","1.1.x (Experimental)","2008-11-10 08:04:22"
3222,"Wireshark","GTK+ UI","1.1.x (Experimental)","2009-01-26 09:03:04"
3223,"Wireshark","GTK+ UI","1.1.x (Experimental)","2009-01-26 09:10:33"
3131,"Wireshark","Build process","1.1.x (Experimental)","2008-12-16 19:34:35"
1710,"Wireshark","GTK+ UI","1.1.x (Experimental)","2007-07-25 19:48:42"
2989,"Wireshark","GTK+ UI","1.1.x (Experimental)","2008-10-22 02:33:27"
2827,"Wireshark","GTK+ UI","1.1.x (Experimental)","2008-08-22 06:02:38"
3394,"Wireshark","GTK+ UI","1.1.x (Experimental)","2009-04-06 09:08:19"
3478,"Wireshark","GTK+ UI","1.1.x (Experimental)","2009-05-21 10:57:06"
2489,"Wireshark","Dissection engine (libwireshark)","1.1.x (Experimental)","2008-04-21 23:58:52"
2997,"Wireshark","GTK+ UI","1.1.x (Experimental)","2008-10-23 22:15:33"
3454,"Wireshark","Dissection engine (libwireshark)","1.1.x (Experimental)","2009-05-08 00:43:40"
3168,"Wireshark","Extras","1.1.x (Experimental)","2009-01-03 03:51:26"
3169,"Wireshark","GTK+ UI","1.1.x (Experimental)","2009-01-03 05:10:07"
3196,"Wireshark","GTK+ UI","1.1.x (Experimental)","2009-01-14 20:31:59"
3202,"Wireshark","GTK+ UI","1.1.x (Experimental)","2009-01-15 10:26:24"
3217,"Wireshark","GTK+ UI","1.1.x (Experimental)","2009-01-22 05:43:03"
3092,"Wireshark","GTK+ UI","1.1.x (Experimental)","2008-12-01 20:12:03"
3486,"Wireshark","GTK+ UI","1.1.x (Experimental)","2009-05-22 19:41:30"
3430,"Wireshark","GTK+ UI","1.1.x (Experimental)","2009-04-21 03:25:24"
3473,"Wireshark","GTK+ UI","1.1.x (Experimental)","2009-05-20 07:58:59"
3474,"Wireshark","GTK+ UI","1.1.x (Experimental)","2009-05-20 10:24:55"
3240,"Wireshark","GTK+ UI","1.1.x (Experimental)","2009-02-06 07:48:08"
3758,"Wireshark","GTK+ UI","1.1.x (Experimental)","2009-07-19 20:35:36"
3135,"Wireshark","GTK+ UI","1.1.x (Experimental)","2008-12-17 18:58:50"
3272,"Wireshark","GTK+ UI","1.1.x (Experimental)","2009-02-22 08:08:33"
3294,"Wireshark","GTK+ UI","1.1.x (Experimental)","2009-03-02 02:52:56"
2883,"Wireshark","GTK+ UI","1.1.x (Experimental)","2008-09-17 22:44:16"
3325,"Wireshark","GTK+ UI","1.1.x (Experimental)","2009-03-11 07:57:36"
3472,"Wireshark","GTK+ UI","1.1.x (Experimental)","2009-05-19 09:34:44"
3396,"Wireshark","GTK+ UI","1.1.x (Experimental)","2009-04-07 04:54:00"
3419,"Wireshark","GTK+ UI","1.1.x (Experimental)","2009-04-16 08:57:43"
2970,"Wireshark","GTK+ UI","1.1.x (Experimental)","2008-10-15 11:01:45"
3241,"Wireshark","GTK+ UI","1.1.x (Experimental)","2009-02-06 11:09:54"
2971,"Wireshark","GTK+ UI","1.1.x (Experimental)","2008-10-15 22:03:10"
3435,"Wireshark","GTK+ UI","1.1.x (Experimental)","2009-04-22 15:55:27"
3261,"Wireshark","GTK+ UI","1.1.x (Experimental)","2009-02-16 13:12:28"
3902,"Wireshark","GTK+ UI","1.1.x (Experimental)","2009-08-16 19:42:38"
3134,"Wireshark","GTK+ UI","1.1.x (Experimental)","2008-12-17 12:20:23"
3445,"Wireshark","GTK+ UI","1.1.x (Experimental)","2009-04-29 11:06:58"
3153,"Wireshark","Dissection engine (libwireshark)","1.1.x (Experimental)","2008-12-21 20:42:05"
3297,"Wireshark","GTK+ UI","1.1.x (Experimental)","2009-03-03 03:02:26"
3001,"Wireshark","GTK+ UI","1.1.x (Experimental)","2008-10-27 07:15:57"
3353,"Wireshark","GTK+ UI","1.1.x (Experimental)","2009-03-24 01:41:27"
3378,"Wireshark","GTK+ UI","1.1.x (Experimental)","2009-04-01 07:59:56"
3218,"Wireshark","GTK+ UI","1.1.x (Experimental)","2009-01-22 06:16:44"
3395,"Wireshark","GTK+ UI","1.1.x (Experimental)","2009-04-06 11:03:34"
2955,"Wireshark","GTK+ UI","1.1.x (Experimental)","2008-10-11 06:16:06"
3397,"Wireshark","GTK+ UI","1.1.x (Experimental)","2009-04-07 05:02:12"
3443,"Wireshark","GTK+ UI","1.1.x (Experimental)","2009-04-28 12:03:32"
3444,"Wireshark","GTK+ UI","1.1.x (Experimental)","2009-04-29 06:49:04"
2900,"Wireshark","GTK+ UI","1.1.x (Experimental)","2008-09-25 09:31:52"
3011,"Wireshark","GTK+ UI","1.1.x (Experimental)","2008-10-29 15:24:00"
3030,"Wireshark","GTK+ UI","1.1.x (Experimental)","2008-11-03 06:55:49"
2940,"Wireshark","GTK+ UI","1.1.x (Experimental)","2008-10-05 12:57:50"
2963,"Wireshark","GTK+ UI","1.1.x (Experimental)","2008-10-14 00:31:14"
2972,"Wireshark","GTK+ UI","1.1.x (Experimental)","2008-10-15 22:11:18"