"Bug ID","Product","Component","Version","Opened"
7401,"Wireshark","GTK+ UI","1.8.0","2012-06-25 13:08:45"
7457,"Wireshark","Capture file support (libwiretap)","1.8.0","2012-07-08 18:58:00"
7391,"Wireshark","GTK+ UI","1.8.0","2012-06-21 15:49:18"
7524,"Wireshark","Dissection engine (libwireshark)","1.8.0","2012-07-24 19:42:00"
7472,"Wireshark","GTK+ UI","1.8.0","2012-07-12 21:41:58"
7431,"Wireshark","GTK+ UI","1.8.0","2012-07-03 02:45:55"
7473,"Wireshark","GTK+ UI","1.8.0","2012-07-12 21:43:56"
7623,"Wireshark","GTK+ UI","1.8.0","2012-08-13 00:13:05"
7432,"Wireshark","GTK+ UI","1.8.0","2012-07-03 12:30:17"
7667,"Wireshark","GTK+ UI","1.8.0","2012-08-27 14:48:51"
7435,"Wireshark","Dissection engine (libwireshark)","1.8.0","2012-07-04 08:56:08"
7674,"Wireshark","TShark","1.8.0","2012-08-29 05:51:31"
7436,"Wireshark","Dissection engine (libwireshark)","1.8.0","2012-07-05 03:53:51"
7482,"Wireshark","GTK+ UI","1.8.0","2012-07-16 04:47:02"
7717,"Wireshark","GTK+ UI","1.8.0","2012-09-12 01:58:36"
7441,"Wireshark","GTK+ UI","1.8.0","2012-07-05 19:15:07"
7492,"Wireshark","GTK+ UI","1.8.0","2012-07-17 12:06:28"
7350,"Wireshark","Extras","1.8.0","2012-06-09 18:08:00"
7376,"Wireshark","GTK+ UI","1.8.0","2012-06-16 17:07:39"
7499,"Wireshark","GTK+ UI","1.8.0","2012-07-18 17:56:00"
7461,"Wireshark","GTK+ UI","1.8.0","2012-07-10 01:08:53"
7501,"Wireshark","Dissection engine (libwireshark)","1.8.0","2012-07-19 01:33:45"
8107,"Wireshark","GTK+ UI","1.8.0","2012-12-19 15:25:37"
7382,"Wireshark","GTK+ UI","1.8.0","2012-06-20 03:17:02"
7463,"Wireshark","GTK+ UI","1.8.0","2012-07-10 06:57:06"
7386,"Wireshark","Dissection engine (libwireshark)","1.8.0","2012-06-21 04:49:33"
7466,"Wireshark","GTK+ UI","1.8.0","2012-07-10 14:10:48"
7469,"Wireshark","TShark","1.8.0","2012-07-12 06:46:19"
7507,"Wireshark","GTK+ UI","1.8.0","2012-07-20 06:46:35"
7430,"Wireshark","GTK+ UI","1.8.0","2012-07-03 02:09:48"
7403,"Wireshark","Build process","1.8.0","2012-06-25 18:52:14"
7474,"Wireshark","GTK+ UI","1.8.0","2012-07-12 23:21:52"
7404,"Wireshark","Extras","1.8.0","2012-06-25 18:55:59"
7475,"Wireshark","Capture file support (libwiretap)","1.8.0","2012-07-13 02:00:19"
7222,"Wireshark","GTK+ UI","1.8.0","2012-05-03 13:06:44"
7438,"Wireshark","Dissection engine (libwireshark)","1.8.0","2012-07-05 08:00:32"
7409,"Wireshark","GTK+ UI","1.8.0","2012-06-26 09:42:54"
7444,"Wireshark","GTK+ UI","1.8.0","2012-07-06 12:15:10"
7961,"Wireshark","GTK+ UI","1.8.0","2012-11-06 20:40:04"
7411,"Wireshark","Build process","1.8.0","2012-06-26 21:59:52"
7445,"Wireshark","GTK+ UI","1.8.0","2012-07-06 17:14:45"
7412,"Wireshark","GTK+ UI","1.8.0","2012-06-26 22:32:59"
7378,"Wireshark","GTK+ UI","1.8.0","2012-06-18 13:11:09"
7427,"Wireshark","Build process","1.8.0","2012-07-01 12:23:39"
7508,"Wireshark","Dissection engine (libwireshark)","1.8.0","2012-07-20 17:56:48"
7405,"Wireshark","GTK+ UI","1.8.0","2012-06-25 23:17:08"
7318,"Wireshark","GTK+ UI","1.8.0","2012-06-01 14:11:34"
7347,"Wireshark","GTK+ UI","1.8.0","2012-06-09 09:25:46"
7443,"Wireshark","GTK+ UI","1.8.0","2012-07-06 02:24:43"
7415,"Wireshark","Capture file support (libwiretap)","1.8.0","2012-06-27 08:54:52"
7505,"Wireshark","Capture file support (libwiretap)","1.8.0","2012-07-19 15:08:03"
7489,"Wireshark","GTK+ UI","1.8.0","2012-07-16 20:44:03"
7400,"Wireshark","GTK+ UI","1.8.0","2012-06-25 01:15:41"
7706,"Wireshark","GTK+ UI","1.8.0","2012-09-07 22:20:10"
7725,"Wireshark","GTK+ UI","1.8.0","2012-09-13 11:40:31"
7900,"Wireshark","Dissection engine (libwireshark)","1.8.0","2012-10-22 10:55:33"
7410,"Wireshark","Dissection engine (libwireshark)","1.8.0","2012-06-26 21:20:23"
7496,"Wireshark","Dissection engine (libwireshark)","1.8.0","2012-07-18 03:40:12"
8020,"Wireshark","GTK+ UI","1.8.0","2012-11-27 14:52:05"
8021,"Wireshark","GTK+ UI","1.8.0","2012-11-27 14:52:05"
7394,"Wireshark","GTK+ UI","1.8.0","2012-06-22 06:51:23"
7470,"Wireshark","Dissection engine (libwireshark)","1.8.0","2012-07-12 08:27:42"
7498,"Wireshark","GTK+ UI","1.8.0","2012-07-18 14:02:49"
6657,"Wireshark","GTK+ UI","1.8.0","2011-12-08 13:56:28"
7406,"Wireshark","GTK+ UI","1.8.0","2012-06-26 04:43:56"
7408,"Wireshark","GTK+ UI","1.8.0","2012-06-26 05:43:03"
7424,"Wireshark","GTK+ UI","1.8.0","2012-06-29 13:49:25"
7495,"Wireshark","GTK+ UI","1.8.0","2012-07-18 01:08:25"
7371,"Wireshark","GTK+ UI","1.8.0","2012-06-15 03:11:37"
7413,"Wireshark","GTK+ UI","1.8.0","2012-06-26 22:42:08"
7419,"Wireshark","GTK+ UI","1.8.0","2012-06-28 11:23:26"
7553,"Wireshark","GTK+ UI","1.8.0","2012-08-01 04:45:03"
7305,"Wireshark","GTK+ UI","1.8.0","2012-05-30 03:22:47"
7506,"Wireshark","GTK+ UI","1.8.0","2012-07-20 00:13:52"